4.77,1.2,0.57
0.11,2.75,4.35
2.48,4.74,3.3
4.68,1.52,2.3
4.51,4.64,1.46
2.13,3.57,3.93
4.71,0.29,4.19
4.19,2.73,1.95
0.9,0.61,1.83
0.9,0.64,4.4
1.06,4.15,2.26
3.71,4.79,4.22
0.55,2.16,4.35
2.28,1.18,0.81
0.12,4.21,3.06
3.12,0.97,3.38
3.57,4.56,0.75
3.79,1.48,0.82
3.88,1.05,2.31
3.1,0.07,1.71
2.77,1.43,4.79
0.12,0.2,4.91
2.38,3.81,3.72
1.84,3.44,4.05
0.26,4.78,1.17
3.04,3.82,2.71
2.3,2.25,0.48
1.86,1.04,1.58
2.6,3.36,0.03
3.32,3.64,3.32
3.47,0.19,0.63
2.31,2.69,1.04
2.08,3,1.59
2.7,4.62,2.94
1.98,4.16,1.32
0.08,0.45,0.73
2.76,0.91,0.16
4.88,1.36,0.28
1.59,0.44,1.91
1.74,3.36,0.32
2.18,4.09,2.35
1.1,3.94,0.77
1.62,0.88,4.66
4.5,1.84,1.67
2.78,4.79,4.74
2.95,4.07,0.39
0.81,3.05,1.03
2.33,4.41,0.95
2.8,2.33,2.83
3.09,2.3,3.45
2.86,4.49,0.6
1.17,0.53,1.89
3.53,2.8,1.62
4.44,2.87,1.26
4.62,4.48,2.37
3.87,0.05,2.89
2.06,2.5,1.13
0.01,4.12,1.36
4.85,1.8,2.76
4.78,4.57,3.83
0.96,2.19,4.09
3.22,0.58,2.82
2.13,0.63,1.35
4.72,2.23,3.12
1.44,2.69,1.75
0.4,3.44,1.11
3.27,0.37,0.29
1.03,3.75,0.04
4.26,4.32,1.32
3.66,4.3,0.33
2,4.76,2.65
3.87,4.78,4.06
2.72,0.28,1.37
0.23,2.69,3.81
1.6,4.19,2.57
3.05,4.64,0.16
4.67,1.36,4.25
0.1,2.91,4
4.91,2.52,4.76
2.2,1.11,4.42
4.92,1.33,4.81
3.54,1.31,1.9
4.46,2,4.1
1.46,1.51,0.3
2.42,1.83,0.47
1.62,1.93,0.81
1.5,3.8,4
2.85,0.8,2.88
1.52,2.77,2.16
2.99,3.15,3.65
2.12,2.99,1.29
0.92,3.16,0.51
2.65,0.16,2.27
3.97,1.15,4
2.95,0.25,3.34
4.28,3.37,3.66
0.87,4.8,1.35
4.35,2.32,4.64
1.93,1.07,0
1.76,2.61,2.02
1.31,4.96,2.42
3.59,4.86,0.09
2.6,2.9,3.32
3.17,4.45,1.1
4.12,3.55,1.75
3.48,3.27,2.98
1.88,2.41,1.91
1.92,2.6,0.17
4.37,4.12,4.8
4.71,3.12,0.8
4.96,0.17,2.79
3.23,2.73,0.24
4.08,4.57,1.52
0.35,3.96,2.87
3.88,3.39,2.42
3.73,4.12,3.82
1.71,1.28,4.11
2.64,3.56,4.64
4.34,1.34,1.01
1.27,0.02,2.44
1.54,1.48,3.97
0.29,0.83,4.07
3.93,3.68,1.22
2.76,1.53,2.57
3.66,1.53,4.38
4.57,0.73,4.51
3.84,3.5,3.96
4.12,3.85,2.36
4.71,0.34,0.96
2.86,2.51,4.79
1.53,0.17,2.09
1.54,2.7,0.04
4.67,0.83,4.94
3.56,4.47,0.97
2.26,4.15,3.49
2.67,2.2,4.14
4.34,1.21,2.82
4.64,3.34,2.82
4.87,4.94,2.87
3.23,1.3,3.36
0.41,0.78,1.51
3.5,4.96,2.03
0.24,0.52,4.09
4.67,2.06,0.84
2.04,3.93,1.02
1.28,0.95,2.54
2.23,0.71,1.55
4,3.99,0.76
3.58,2.91,0.84
3.91,3.34,0.36
3.91,0.81,0.59
4.03,2.61,2.09
0.35,4.13,1.54
1.86,1,4.01
4.97,4.74,1.83
0.43,0.92,2.89
0.29,0.41,0.22
4.25,0.01,2.18
0.31,3.42,3.76
3.86,0.94,2.07
4.2,2.36,4.34
4.03,4.25,4.93
4.97,2.61,2.46
3.97,3.93,1.06
3.05,0.52,2.57
0.85,3.5,1.62
2.25,3.63,4.56
0.56,4.16,2.94
1.3,3.69,2.98
4.66,1.73,4.95
0.76,1.96,3.34
1.69,0.76,1.95
3.18,1.39,4.4
2.31,0.15,3.75
2.41,0.91,2.14
2.86,0.98,4.22
3.1,4.67,1.88
3.19,0.77,2.29
0.84,0.63,2.76
1.59,1.43,3.43
0.1,3.01,2.41
1.84,1.93,2.99
0.02,1.87,1.5
1.24,4.74,2.1
2.53,0.81,1.78
0.78,4.52,4.67
0.23,0.54,2.62
0.06,3.14,1.06
1.83,0.25,3.62
0.18,4.84,3.35
4.44,0.14,1.2
0.4,2.86,1.33
4.25,2.79,3.05
1.43,1.19,1.33
1.19,2.56,2.52
1.38,0.23,0.72
0.94,3.87,3.44
1.06,3.18,0.27
0.25,4.68,4.26
0.15,0.88,1.59
0.55,3.79,0.33
2.39,1.4,1.6
4.99,0.57,0.37
3.07,0.56,3.16
0.15,1.14,2.23
3.54,4.85,3.39
4.76,1.19,4.37
3.18,4.33,0.5
2.74,3.7,3.47
4.57,4.62,0.3
2.4,3.5,1.35
2.44,4.2,3.27
2.84,2.68,2.43
0.29,0.16,2.87
3.88,2.85,1.81
1.47,1.73,3.85
3.2,3.98,0.05
0.42,4.95,0.49
4.8,1.45,3.04
3.39,3.16,2.47
3.11,4.24,0.97
2.81,0.6,4.68
0.04,0.77,4.12
2.92,3.72,2.2
2.19,1.74,2.98
1.98,2.45,3.65
2.5,3.63,3.27
3.43,1.18,2.79
4.73,1.98,2.05
3.41,3.86,2.02
4.79,0.35,2.31
2.49,4.79,3.92
3.21,1.12,3.85
4.03,1.91,3.63
0.4,2.95,2.73
1.26,4.01,2.33
1.78,2.69,1.91
2.3,0.32,4.92
1.41,2.58,5
2.97,4.48,3.51
2.26,1.33,0.45
2.74,3.44,0.47
1.02,0.74,4.39
1.01,4.56,0.74
0.18,0.33,2.28
1.52,2.61,1.07
2.12,2.01,1.05
2.28,3.6,3.59
1.52,1.03,0.7
4.72,2.29,3.56
4.3,0.84,1.28
2.06,2.92,2.54
4.66,4.74,4.07
3.15,2.9,3.4
1.88,4.59,3.82
3.82,1.46,1.39
3.37,0.25,1.22
2.53,1.65,1.92
2.86,2.59,4.75
3.67,1.09,1.92
0.37,1.66,1.83
0.15,2.38,1.51
4.8,3.5,3.03
2.21,0.63,0.37
2.03,3.28,4.38
3.16,3.45,0.63
4.5,1.16,2.98
4.74,0.71,1.12
0.97,3.18,2.66
3.05,1.63,2.95
1.62,3.07,1.91
1.06,3.82,2.77
2.24,3.41,1.09
4.08,1.65,3.21
3.3,1.65,1.04
4.25,4.73,3.03
4.97,3.65,1.4
2.65,1.83,3.62
4.77,3.65,2.73
3.61,3.97,3.77
2.9,2.34,4.06
2.54,2.69,2.32
4.46,2.84,2.68
2.3,1.54,0.23
3.35,4.51,0.25
1.78,1.35,0.33
3.23,3.01,1.41
4.18,3.49,0.37
4.58,2.19,1.32
1.53,2.34,0.8
4.87,1.31,0.61
2.44,1.22,1.63
2.43,4.56,0.11
0.16,4.27,2.25
2,0.18,1.62
1.14,1.34,0.49
2.74,4.49,1.98
0.47,2.85,1.58
4.65,1.93,1.96
1.19,4.63,4.21
0.74,3.6,4.8
2.01,0.45,4.29
1.35,1.78,2.68
1.55,3.41,1.06
3.91,0.46,1.28
2.81,4.95,4.56
4.75,2.17,2.68
0.63,4.57,0.52
3.4,3.52,4.53
0.26,2.7,4.94
4.05,2.84,3.46
3.05,2.08,1.03
4.19,2.17,1.49
2.05,4.43,3.1
0.05,3.94,0.49
0.56,4.95,2.42
4.88,2.21,0.61
2.39,3.23,1.13
2.2,0.8,1.38
0.43,3.55,1.51
3.95,1.7,0.19
2.62,1.48,2.25
0.43,0.71,0.12
0.96,4.28,2.28
0.17,3.57,0.5
2.51,3.68,2.17
4.56,1.92,0.19
0.69,0.67,2.05
0.14,1.69,2.34
0.15,4.4,4.63
2.87,2.1,4.21
3.02,3.46,4.93
3.79,4.03,2.4
0.53,1.46,2.85
2.56,4.97,4.48
1.01,1.82,1.02
3.08,2.4,1.79
1.1,1.45,2.55
0.85,2.47,1.79
1.22,4.94,1.75
0.77,1.27,3.4
3.07,0.87,0.35
3.28,3.14,0.13
1.51,4.01,2.83
1.89,0.59,2.42
4.15,0.01,3.14
3.09,2.65,2.1
4.65,2.53,1.58
4.17,1.24,3.23
4.63,2.75,2.24
3.61,4.12,2.63
1.28,1.5,3.39
2.32,2.07,1.31
2.15,4.51,0.79
2.41,2.16,3.03
0.77,4.66,0.21
0.26,2.55,3.21
1.05,3.53,0.25
4.01,2.89,0.92
0.49,4.86,4.76
1.02,2.22,1.48
1.64,0.55,2.79
2.75,2.31,2.28
0.55,0.44,4.06
1.83,0.87,4.11
0.49,1.44,1.89
3.61,1.62,0.81
3.74,3.33,2.51
1.69,4.66,4.81
3.96,4.34,0.53
0.78,4.55,4.49
0.27,1.76,4.32
0.36,3.68,0.47
3.21,1.93,3.3
0.17,3.82,1.33
3.06,1.2,3.68
3.29,1.6,2.6
3,1.61,3.86
3.57,2.52,4.44
2.16,4.59,1.6
0.77,0.58,0.66
3.35,0.01,1.02
4.83,1.46,0.57
4.45,0.24,3.87
0.09,3.8,2.25
1.38,2.13,3.99
3.84,0.32,1.53
3.63,1.67,0.29
0.07,0.65,4.43
4.24,4.81,1.76
4.94,2.8,4.66
4.85,0.3,3.31
3.27,3.15,0.97
1.75,3.41,0.68
1.06,3.16,0.75
2.67,4.56,1.37
3.62,4.31,4.45
4.6,2.64,4.27
2.9,3.35,1.59
4.66,2.32,0.75
0.98,2.77,2.36
4.75,4.87,0.33
2.12,4.54,0.94
3.64,2.36,2.72
4.14,4.57,1.91
3.29,1.06,4.37
3.94,2.27,0.67
3.82,0.74,1.25
1.61,0.72,1.33
2.93,0.62,0.67
0.98,3.75,0.44
0.37,0.99,2.11
4.09,2.87,2.63
2.59,2.51,2.3
0.12,3.97,1.93
0.39,3.39,1.67
1.23,0.77,0.28
1.37,3.46,3.55
0.81,1.12,0.71
4.03,2.16,0.82
2,3.18,2.49
1.78,4.61,1.24
3.28,1.55,4.35
0.68,2.83,0.98
1.37,3.81,2.01
4.42,1.23,0.33
0.1,3.76,1.95
0.19,1.11,3.62
0.27,1.18,1.67
1.91,4.62,1.9
1.77,1.56,2.57
0.36,2.57,0.24
0.39,0.07,4.78
1.1,4.86,1.68
3.03,4.97,1.67
0.1,0.98,2.49
3.98,2.7,4.87
1.64,4.9,2.97
1.19,0.05,0.45
3.46,3.78,1.13
0.04,1.56,0.02
0.59,0.65,4.21
4.44,4.1,4.61
2.17,2.47,1.35
3.85,1.56,0.59
0.45,1.55,3.67
3.65,4.04,1.79
0.17,2.04,1.25
1.39,2.34,2.74
1.81,2.62,1.6
3.88,1.4,1.87
3.16,2.2,1.62
2.98,1.84,1.15
3.11,2.42,2.16
3.7,1.18,2.7
0.32,2.24,3.77
1.9,3.58,1.04
3.64,3.72,3.08
1.06,0.26,3.38
3.62,0.16,4.56
3.6,3.5,1.28
3.06,4.64,1.24
3.17,2.83,0.91
2.73,0.12,2.44
1.9,1.83,0.93
1.7,2.53,0.03
3.11,4.86,3.25
4.51,2.25,0.12
0.66,4.52,0.2
4.45,0.99,3.24
1.95,3.26,0.54
3.64,3.88,4.38
2.71,4.04,1.68
2.01,1.08,4.01
2.3,0.16,4.96
1.94,0.85,2.1
4.78,1.07,1.11
0.07,2.47,3.36
1.44,1.27,2.82
4.19,3.48,0.9
3.16,2.39,3.4
1.43,3.29,2.73
4.39,3.51,0.77
1.6,3.39,3.11
1.89,0.88,3.95
0.42,1.8,2.35
3.88,1.94,0.71
0.92,4.05,2.93
0.59,3.82,1.43
4.43,4.13,0.13
3.38,1.15,3.06
1.85,2.34,0.11
1.53,0.28,4.04
2.06,3.3,0.8
2.36,1.67,2.05
1.76,2.87,2.21
2.39,1.97,3.99
3.7,3.75,2.1
4.92,1.17,4.9
3.68,4.73,2.93
1.69,1.27,3.4
3.02,3.69,0.44
4.35,2.06,3.43
4.92,1.71,0.13
4.53,4.77,0.35
1.04,0.13,0.34
0.33,2.48,4.45
1.11,2.7,3.81
4.51,4.07,0.37
4.85,1.8,0.37
3.78,2.26,1.64
4.49,4.85,4.58
1.44,4.94,4.92
2.14,1.11,0.58
2.35,4.82,0.51
3.24,1.24,0.18
1.5,1.53,2.82
4.79,0.39,0.21
1.08,3.54,4.02
1.03,2.01,2.98
0.43,2.59,0.05
4.33,0.01,1.61
1.2,3.09,1.89
1.67,2.89,0.55
2.68,1.72,0.55
0.81,4.39,2.66
0.89,4.34,0.39
0.3,0.07,0.14
3.08,0.12,1.31
2.74,4.31,0.07
2.85,2.02,1.37
3.6,2.8,3.72
2.59,1.22,3.97
0.71,1.53,3.32
1.9,0.66,1.22
2.47,0.58,0.54
4,3.02,2.3
1.83,0.78,1.4
2.94,3.84,3.07
4.98,1.23,1.46
1.95,3.85,3.6
4.86,2.57,4.72
0.84,4.33,3.68
1.13,1.27,3.02
1.32,0.45,4.1
2.95,0.44,4.11
2.75,3.57,3.93
3.42,2.12,3.24
2.44,2.42,1.83
3.5,3.53,0.75
3.68,3.76,2.95
2.06,1.61,4.62
0.73,4.08,3.85
2.8,2.78,1.99
2.15,0.77,2.68
1.73,2.36,2.45
2.05,0.25,4.57
1.62,1.05,1.22
3.08,4.17,3.53
1.41,3.9,1.67
2.81,0.54,3.77
0.64,3.6,0.88
1.74,2.43,1.68
3.86,1.49,4.72
4.12,2.95,2.59
2.47,0.05,4.59
2.64,0.55,2.68
1.91,4.5,2.71
4.91,4.81,2.31
1.62,0.68,1.31
3.47,0.73,1.6
3.53,3.48,2.62
1.65,1,1.16
0.01,3.62,2.25
3.78,3.5,1.99
2.78,3.37,4.87
2.81,4.28,2.17
0.89,4.08,1.6
2.04,2.11,2.9
3.7,1.21,4.02
0.81,3.44,3.67
3.98,4.66,3.36
1.9,4.63,1.43
2.43,4.06,0.46
0.67,1.05,2.65
0.06,4.15,2.5
0,1.1,3.83
4.78,0.81,1.32
1.21,2.61,0.28
0.57,2.27,0.89
4.11,0.84,4.16
0.48,1.09,3.58
2.49,3.68,2.12
1.31,2.15,2.61
0.43,3.47,4.99
3.57,2.75,2.24
3.84,2.94,4.08
2.58,1.07,4.41
4.25,4.28,1.76
4.35,0.54,1.11
0.77,1.7,0.45
2.78,1.52,2.86
2.63,1.48,2.33
0.51,4.57,2.93
4.31,4.04,4.27
1.57,0.29,4.54
0.46,2.28,4.9
1.7,0.87,4.04
1.78,1.98,0.1
2.57,1.27,4.08
1.93,3.86,1.87
0.33,1.21,2.02
2.43,0.06,0.62
0.16,2.54,1.31
1.55,0.01,4.47
0.81,3.15,3.07
2.65,4.38,3.1
3.33,2.37,3.31
0.2,2.04,0.71
1.9,2.66,2.56
1.11,1.19,3.08
4.29,2.11,2.81
2.3,4.01,2.72
3.47,0.05,1.25
1.27,4.75,4.43
2.34,0.33,3.13
0.55,3.51,1.82
1.43,2.54,1.88
2.33,3.61,4.85
1.39,1.87,3.35
3.51,0.58,2.42
4.21,2.29,4.12
0.69,2.01,0.18
1.45,4.73,0.52
2.43,1.53,4.5
2.42,2.19,4.89
4.35,3.68,4.79
0.32,1.9,2.14
4.66,3.66,1.76
0.67,1.61,0.14
3.91,0.56,3.52
2.15,2.7,2.18
4.96,3.37,1.35
3.68,0.99,0.58
1.82,2.86,3.6
2.56,2.58,3.03
3.15,4.28,3.54
3.46,0.76,1.29
2.71,1.61,0.08
3.81,2.7,3.43
2.95,3.07,1.16
1.91,0.69,1.25
1.27,1.58,2.89
0.94,0.53,1.01
0.57,1.44,2.38
0.35,1.84,4.67
3.08,0.66,1.4
1.14,4.87,0.98
0.14,4.18,2.97
0.96,4.93,2.35
0.89,4.48,3.3
0.78,2.21,1.06
0.75,0.38,0.33
0.25,3.04,3.01
3.37,4.4,2.43
3.15,0.69,4.85
0.56,1.28,3.95
1.77,2.75,0.68
2.36,0.93,2.6
1.74,3.9,2.63
3.88,0.84,2.21
3.4,3.59,2.37
2.12,1.44,1.27
0.34,4.11,0.16
1.41,1.16,2.71
1.51,4.67,3.11
4.71,1.74,1.64
1.29,4.75,2.7
4.56,0.1,1.82
1.44,3.53,4.26
2.2,3.63,1.39
4.04,1.46,3.51
0.74,4.17,0.06
2.05,3.27,1.68
2.17,4.69,2.02
2.61,2,4.97
2.15,1.82,1.77
1.42,0,4.6
3.73,4.57,4.81
3.85,2.09,0.79
2.68,1.04,4.48
0.46,3.47,4.93
4.38,3.1,2.28
4.6,4.55,2.23
0.34,1.09,4.66
1.66,3.19,1.44
0.04,2.54,0.32
3.91,1.24,0.45
3.44,2.27,0.95
4.11,2.59,0.36
0.44,3.48,3.16
2.51,3.85,2.97
1.89,0.96,0.17
4.78,4.16,0.16
0.99,2.25,1.33
4.91,4.16,3.55
4.96,4.39,4.08
1.28,2.96,0.04
1.85,3.7,1.29
0.71,0.97,1.17
0.91,1.86,1.47
1.78,2.16,2.7
4.6,0.71,0.02
3.22,3.8,1.41
1.39,0.41,2.42
1.06,1.63,1.18
4.1,0.23,1.04
0.25,1.51,0.95
2.06,1.1,0.97
1.99,3.67,1.07
1.62,4.34,4.12
2.74,1.52,4.43
2.96,1.31,0.61
0.96,3.56,4.59
3.27,3.58,4.74
2.51,2.54,2.09
4.19,1.72,3.46
3.2,4.97,0.05
2.27,2.36,3.5
4.11,2,3.43
2.71,2.49,1.24
3.56,2.8,3.81
3.58,2.98,4.83
4.43,4.32,1.55
1.57,2.6,3.43
0.83,0.61,0.49
3.68,2.77,3.31
4.14,1.62,0.97
2.16,2.18,3.84
3.91,3.93,4.09
1.26,0.92,0.14
1.41,0.3,3.61
0.1,2.59,3.59
2.85,3,2.25
4.78,4.09,2.88
1.69,4.07,4.25
3.57,2.63,0.03
0.93,1.4,3
2.29,2.12,4.88
2.06,2.68,4.4
2.27,3.41,2.51
3.09,1.21,0.82
1.01,1,4.9
0.2,3.67,1.51
4.75,0.09,1.92
1,2.05,3.24
2.55,0.7,3.41
2.73,3.35,4.66
4.01,2.88,3.43
4.61,4.87,1.31
3.48,0.85,3.14
2.04,3.24,3.11
1.76,2.81,3.07
4.33,0.83,1.72
2.71,2.17,2.8
1.94,0.76,3.62
4.5,2.18,2.24
2.98,0.28,0.44
1.55,4.39,2.43
2.07,0.1,4.25
4.13,4.89,0.25
3.44,2.83,0.04
1.02,3.68,1.02
0.3,3.86,1.7
2.85,3.27,4.84
2.96,0.79,1.9
4.1,0.18,2.75
1.7,2.72,1.89
1.87,1.89,0.3
3.35,2.88,2.96
3.24,2.84,4.26
3.81,3.13,0.07
1.96,0.58,2.83
4.99,3.43,1.37
1.93,1.08,2.67
4.74,3.99,3.41
1.44,3.61,3.37
4.82,4.94,0.78
3.39,1.1,4.59
1.13,4.23,2.03
0.63,2.57,3.28
0.83,2.74,2.57
4.45,0.26,1.24
0.68,3.19,3.91
4.46,4.21,4.32
0.82,2.17,2.9
3.03,0.21,2.93
2.74,3.89,1.61
3.37,2.55,0.66
1.36,1.35,0.73
3.33,0.62,2.31
2.83,4.49,4.58
0.98,2.75,0.46
0.59,3.98,3.29
4.05,0.53,4.21
3.29,3.63,0.34
0.14,0.1,1.03
2.16,2.56,4.06
1.89,0.46,3.91
4.56,2.03,0.76
0.08,0.27,4.53
0.75,1.22,1.18
3.07,2.06,4.23
2.91,4.96,4.22
2.76,3.95,4.43
4.53,3.77,4.08
4.46,4.02,3.05
4.8,1.27,1.86
4.75,4.5,2.88
1.08,4.49,3.65
2.69,4.01,2.23
2.24,1.07,4.33
0.82,3.42,3.74
0.74,2.13,3.05
3.21,3.97,4.68
2.68,3.35,4.45
0.82,3.06,0.4
4,0.02,4.22
2.02,1.26,2.04
4.2,2.88,4.86
3.68,1.86,1.67
2.32,2.52,2.63
3.66,4.71,1.63
2.36,3.91,0.07
0.16,0.16,0.04
0.48,2.56,2.63
3.64,0.39,3.57
3.15,0.92,4.52
3.77,3.06,0.87
0.99,1.13,0.05
1.24,3.74,3.16
2.58,2.03,4.37
1.92,1.45,3.82
0.73,3.89,3.67
4.73,0.08,3.83
0.75,3.96,2.89
0.35,2.89,3.22
2.87,1.91,0.24
0.97,3.05,3.38
2.18,4.29,1.08
3.49,0.18,4.02
0.9,3.62,0.49
1.5,1.76,0.64
0.11,0.36,0.46
0.99,0.02,2.6
1.91,1.08,3.22
4.03,3.14,4.16
4.45,2.59,3.75
3.73,1.81,4.29
0.87,0.26,3.8
4.41,0.9,3.41
0.32,3.42,3.31
4.49,2.67,3.83
1.55,3.14,4.02
3.51,0.62,4.87
3.2,0.61,2.61
3.63,4.06,4.48
3.37,1.27,4.65
3.02,4.5,0.87
2.34,3.93,3.57
1.97,1.85,0.38
1.1,1.3,0.68
4.92,3.85,1.61
3.93,2.07,4.26
2.45,1.6,0.25
2.53,0.58,3.8
2.18,3.49,1.1
3.27,2.04,2.27
4.7,1.84,1.43
1.54,0.72,0.06
0.27,1.62,3.12
4.2,3.44,2.7
4.45,3.25,2.24
3.54,4.28,2.01
2.8,1.9,0.06
2.7,2.9,1.35
2.8,4.63,4.13
0.33,4.45,4.64
0.51,1.83,0.39
0.71,4.67,2.99
0.16,2.26,3.02
3.26,1.06,1.42
4.01,2.38,1.4
0.87,2.18,0.74
1.74,1.46,4.95
1.82,3.02,3.85
3.55,3.3,0.32
0.5,0.85,4.07
1.99,3.24,4.88
2.7,4.61,3.5
3.67,3.56,3.71
4.56,3.17,1.32
1.81,0.87,1.91
1.74,0.53,3.57
1.85,4.89,0.97
0.14,1.86,2.11
4.68,1.62,1.85
1.01,1.66,4.2
2.49,4.26,3.62
2.13,0.1,1.07
3.2,3.4,2.95
4.54,2.75,2.99
1.44,0.81,3.65
4.84,3.93,0.16
2.95,2.3,2.82
4.55,0.29,3.77
3.31,4.08,4.06
3.66,3.36,2.96
4.67,4.3,4.76
0.73,4.73,0.85
1.67,3.7,1.63
0.42,2.91,1.78
4.24,1.66,4.23
2.76,4.07,4.34
0.63,4.88,2.83
1.95,1.37,2.65
2.91,1.62,3.51
3.11,1.53,0.86
0.62,2.96,0.6
3.3,1.6,0.43
4.83,0.98,1.97
3.77,4.56,4.76
2.71,1.84,2.99
4.65,4.71,2.1
0.59,4.88,3.85
4.06,3.74,1.94
3.39,0.2,0.89
0.15,3.71,1.47
3.24,4.6,1.93
3.45,0.54,0.86
4.03,4.43,3.81
2.09,4.2,2.45
3.82,4.89,3.75
3.27,1.88,1.64
3.12,4.58,1.43
3.02,4.08,4.83
3.75,2.75,4.42
2.03,0.59,2.4
3.26,0.29,0.79
2.42,2.28,2.35
2.05,2.08,3.57
2.33,3.35,0.46
2.47,3.53,1.64
2.89,2.29,0.68
1.21,3.54,0.12
4.17,3.42,2.46
2.67,4.2,2.16
4.64,4.2,4.83
1.92,0.01,2.74
3.05,3.61,0.08
0.87,4.9,0.5
3.19,0.64,4.42
4.4,4.44,3.23
0.74,2.61,4.07
4.15,3.53,2.28
2.28,0.86,0.43
0.01,0.41,3.04
2.37,4.84,1.71
3.44,3.99,4.98
3.94,3.43,0.96
2.3,1.11,0.82
4.75,1.35,2.43
3.66,3.93,3.37
4.38,3.14,1.2
1.91,2.03,4.39
3.7,0.76,4.49
2.08,2.69,0.33
3.93,4.78,3.98
0.16,4.25,4.8
4.58,4.21,0.4
0.14,4.6,2.94
2.51,0.45,4.81
1.3,2.2,1.12
0.43,3.21,3.79
2.55,4.33,2.51
2,3.21,1.54
2.31,1,4.45
0.34,3.51,0.31
2.44,4.96,0.93
4.15,2.88,1.39
0.28,0.48,1.57
4.87,4.43,1.93
4.38,4.94,0.64
4.05,0.33,0.13
3.13,0.61,1.46
4.19,3.84,4.11
0.33,2.45,3.87
1.79,4.34,2.16
4.76,3.83,1.57
1.28,1.46,2.47
2.03,0.51,3.43
1.09,0.8,4.77
3.87,0.72,0.63
3.77,1.18,3.86
2.99,4.69,4.46
0.13,0.08,4.21
2.41,4.22,3.96
0.36,1.32,0.26
4.29,0.93,0.14
0.92,0.62,1.72
2.83,0.82,4.7
0.93,2.69,1.33
4.78,1.26,1.86
3.98,1.78,0.14
4.75,3.05,3.98
4.76,0.28,1.66
1.2,4.66,3.5
4.43,2.56,1.45
4.52,0.87,2.72
4.12,2.91,4.44
3.65,3.31,1.74
1.59,4.77,1.28
1.69,0.93,0.56
3.26,1.98,2.39
0.7,1.18,4.85
0.97,4.39,4.56
0.62,0.87,1.97
2.63,4.95,1.92
1.94,4.22,4.21
4.36,0.34,0.81
1.15,0.09,0.29
1.66,2.27,1.99
4.14,3.48,3.5
4.47,2.79,4.19
4.37,3.89,0.25
0.41,2.79,1.93
3.84,0.58,4.81
3.65,1.25,3.68
1.16,4.97,1.03
0.19,1.2,0.98
3.46,0.68,2.79
2.57,0.65,3.36
2.86,0.41,2.65
2.04,0.97,2.89
2.11,1.4,0.23
0.58,4.25,4.96
3.94,2.74,0.25
2.38,1.72,0.46
0.89,1,0.62
3.03,2.14,3.33
0.56,4.79,4.05
2.04,3.63,3.09
0.28,3.09,4.17
3.64,2.52,1.61
4.9,1.47,3.36
4.14,3.65,2.12
3.12,2,2.53
3.13,0.26,3.7
0.12,0.4,4.68
4.81,0.04,0.71
4.12,4.98,0.55
0.79,4.81,3.06
4.26,0.72,1.3
2.13,3.28,4.27
3.81,4.91,4.12
4.26,0.06,0.75
1.24,0.22,1.64
4.48,3.67,1.77
2.29,1.72,2.9
4.89,0.45,0.22
1.51,1.25,2.09
4.32,3.92,0.09
4.14,2.64,1.67
1.39,0,4.36
0.34,4.65,2.62
4.31,3.27,3.19
2.69,1.46,1.83
2.01,0.56,2.14
1.61,3.39,2.52
1.65,2.69,3.15
3.84,4.67,2.85
4.98,1.71,4.27
3.79,2.6,1.5
2.47,4.34,2
1.66,4.85,4.44
1.58,0.82,2.93
2.71,1.88,0.41
2.44,0.91,1.78
1.5,0.23,2.23
1.18,1.72,0.14
1.19,1.25,3.51
1.92,0.54,4.15
0.35,2.02,2.69
4.81,2.9,0.98
2.76,1.54,2.87
1.72,1.78,1.99
0.05,1.91,1.69
0.16,1.86,3.77
2.14,1.27,3.29
1.85,0.76,3.93
3.41,0.48,3.83
3.9,2.22,3.99
4.76,1.05,0.3
1.81,2.68,4.05
3.96,4.95,1.88
2.76,4.33,0.07
4.4,2.07,3.29
0.78,4.61,1.53
4.2,3.13,4.34
0.77,4.3,0.28
0.27,0.64,1.37
4.26,1.49,0.8
2.83,0.49,3.78
2.83,3.38,2.05
1.85,1.57,4.7
1.7,4.61,2.18
2.66,3.88,3.49
0.36,3.68,1.9
0.58,2.79,1.55
0.38,3.29,2.91
4.92,3.15,4.56
1.35,0.78,0.72
3.99,4.61,0.39
3.34,2.12,1.57
2.28,4.18,4.4
1.49,3.17,1.23
4.21,1.67,0.48
1.41,3.78,4.47
1.79,1.57,0.42
1.4,1.31,3.68
2.42,4.92,0.63
0.96,3.7,0.56
1.12,4.35,3.57
4.52,0.28,3.19
1.53,2.87,1.13
2.7,1.85,0.11
3.07,2.9,1.99
0.9,1.01,2.07
2.18,4.06,4.86
0.91,3.45,2.03
4.72,1.33,4.36
3.55,3.16,3.27
1.29,1.7,4.88
4.18,1.31,2.53
1.03,4.07,1.24
1.41,3.93,0.71
3.17,0.75,2.35
4.34,1.24,3.25
1.71,2.72,4.29
2.25,0.28,0.27
3.08,1.47,1.81
0.9,4.69,0.15
1.38,4.24,2.83
1.94,0.75,1.57
4.83,1.78,4.53
3.69,4.96,4.53
3.48,3.34,4.1
1.46,0.77,2.74
0.99,0.91,0.25
3.47,0.08,3.42
3.75,3.46,1.56
3.74,1.82,1.75
0.62,4.79,0.22
2.92,3.61,0.84
2.12,4.83,2.04
0.95,2.03,2.78
2.18,0.65,3.99
4.17,1.69,3.02
1.79,2.13,0.18
3.52,0.41,0.93
2.2,1.73,1.24
2.52,1.35,1.87
0.36,1.38,1.53
1.99,0.65,3.31
3.78,2.62,0.19
0.91,3.59,1.89
4.86,0.26,1.4
4.91,4.27,4.24
2.01,0.42,3.86
4.84,2.39,3.63
1.46,0.4,3.42
4.69,1.49,3.89
1.55,3.51,3.93
0.78,0.49,2.8
4.68,3.29,0.16
4.06,4.65,0.81
4.46,3.43,2.71
4.75,0.43,3.24
4.75,4.49,2.17
0.31,0.79,3.66
0.24,4.55,4.99
0.07,1.01,4.41
1.95,1.32,0.09
0.28,4.55,2.26
0.82,1.1,3.39
3.27,2.59,2.68
0.08,2.84,0.61
4.73,3.95,4.77
0.62,3.23,1.78
1.6,0.51,3.46
3.69,3.29,4.61
3.47,1.49,0.6
1,0.15,2.69
0.74,3.67,1.53
1.89,0.83,2.48
3.76,1.9,3.19
1.29,3.98,4.23
2.58,2.76,4.58
0.74,4.45,2.09
0.12,4.71,1.01
2.88,1.71,0.82
2.09,4.94,4.51
0.52,4.24,1.55
3.23,2.55,0.74
1.3,1.51,3.54
4.82,1.83,3.56
2.84,0.82,0.6
2.33,3.43,4.35
3.21,4.73,1.26
1.05,3.07,2.84
0.72,3.5,4.46
4.5,1.76,1.49
1.54,3.08,4.71
1.16,2.33,1.59
3.43,0.78,4.7
3.53,3.26,2.05
2.44,1.91,1.43
2.88,3.6,4.52
3.18,0.64,1.24
0.44,1.51,4.02
3.76,1.85,2.52
2.48,0.03,2.76
1.38,0.09,2.3
1.47,1.54,2.1
1.78,3.21,3.23
3.14,2.96,1.35
0.6,1.79,4.11
2.45,2.56,0.25
2.34,2.28,2.37
4.47,4.16,1.84
2.44,3.83,4.82
3.6,1.08,0.8
1.32,4.59,3.56
0.31,1.49,1.76
3.74,3.87,1.04
2.53,4.23,3.43
1.67,3.39,3.31
4.52,3.52,0.85
4.22,0.56,0.04
4.32,4.04,4.87
2.41,0.18,0.87
0.06,2.1,4.76
4.67,1.53,2.14
0.9,4,4.11
0.42,2.03,4.43
4.23,0.54,2.65
1.85,0.24,1.72
1.27,2.65,3.63
2.1,3.81,1.83
0.53,0.22,3.58
2.04,1.99,2.4
2.28,3.1,3.56
1.38,4.38,4.78
2.94,1.5,4.01
0.42,3.22,3.94
1.62,0.11,0.44
1.78,1.54,0
4,2.23,3.63
3.84,0.9,4.52
4.37,2.24,2.45
3.61,2.14,1.36
3.56,4.6,3.12
2.48,2.59,4.79
0.78,0.76,2.04
4.77,0.77,3.84
2.47,3.31,1.31
1.64,4.71,1.46
4.68,1.03,0.98
4.75,1.31,3.29
0.04,1.69,1.93
3.19,2.17,4.83
1.56,0.31,2.62
2.88,3.78,2.38
2.85,1.46,4.66
3.56,0.67,3.38
1.51,4.88,2.13
0.08,2.77,3.41
3.94,1.05,2.38
4.37,2.62,4.75
4.53,4.57,2.16
2.76,2.35,0.89
1.98,1.95,2.09
3.38,1.7,0.63
0.48,1.06,1.22
1.1,0.2,0.08
4.83,4.15,2.94
1.97,3.72,3.05
3.75,1.36,4.35
3.11,4.01,3.82
3.23,0.89,3.9
1.82,3.51,0.44
2.88,0.3,3.56
0.21,1.5,3.99
2.89,0.43,3.62
4.64,0.41,1.29
1.47,1.96,2.55
4.53,1.64,0.83
1.67,4.24,4.43
0.89,2.46,2.34
0.18,0.38,2.25
1.74,4.95,1.14
4.49,1.08,2.67
1.47,3.47,1.76
2.63,1.91,3.59
1.97,2.72,3.4
2.32,2.21,3.31
1.9,4.22,1.84
2.37,0.63,4.55
2.1,4.53,2.86
4.38,3.88,4.39
0.9,2.38,3.69
4.71,4.58,1.22
0.49,2.13,2.19
3.41,0.17,1.94
3.54,4.85,0.27
3.82,3.41,2.59
2.71,2.27,1.57
2.42,1.88,1.03
3.81,0.35,3.06
2.33,0.41,2.05
4.59,3.64,2.26
4.24,4.65,2.94
1.49,2.98,4.14
3.95,2,2.4
1.31,3.17,2.51
3,1.88,4.15
0.46,2.99,4.07
4.85,4.95,3.71
0.68,0.92,3
3.61,4.03,4.67
0.76,0.73,3.11
1.15,0.78,3.6
0.4,0.45,4.75
3.32,2.95,0.1
1.64,4.81,0.29
0.38,2.77,0.63
4.52,0.84,1.04
4.87,1.29,1.15
0.66,4.86,1.83
3.45,2.7,3.6
2.29,4.5,4.26
0.65,2.05,2.37
4.07,4.89,2.78
3.22,2.58,4.28
0.91,2.7,4.2
4.95,0.02,1.27
3.71,2.36,4.41
4.67,2.3,2.15
4.21,1.47,3.51
4.93,4.84,3.61
1.18,1.45,0.46
1.97,0.41,2.61
1.79,1.37,2.72
4.39,1.23,2.62
1.84,0.21,1.46
4.07,4.14,3.75
2.77,1.46,2.25
0.33,4.84,0.54
1.94,0.65,3
4.66,3.96,2.95
2.4,3.66,0.89
1.06,1.74,2.25
4.61,4.15,4.26
4.15,1.84,1.96
1.65,0.52,2.1
4.95,1.51,0.02
4.21,1.95,3.51
2.79,3.96,4.13
0.79,3.6,1.53
1.09,3.46,2.83
0.11,4.98,2.75
0.97,4.1,4.39
4.37,2.2,3.12
4.46,4.68,3.93
3.33,2.63,2.69
1.44,1.54,3.49
3.14,0.17,1.81
1.18,4.38,0.86
4.4,4.17,1.65
3.76,1,1.05
0.29,2.93,4.19
4.9,0.03,3.56
3.86,4.17,1.7
4.27,2.07,2.85
1.27,2.26,0.89
1.15,4.02,4.53
4.65,3.77,0.85
1.2,4.37,4.4
4.21,0.62,4.2
2.01,0.79,3.35
2.12,0.4,3.34
3.36,4.39,2.41
0.9,2.65,0.83
4.2,1.61,1.71
3.25,3.57,2.49
0.12,1.53,4.91
1.48,3.62,1.6
2.55,3.1,2.66
4,2.68,3.59
4.97,2.99,0.73
0.44,3.71,2.82
2.91,3.22,2.45
1.35,0.68,2.92
2.63,1.21,1.64
1.41,4.93,1.24
3.06,3.81,2.55
1.08,0.36,2.42
3.75,2.26,1.97
3.79,0.22,1.68
1.66,0.39,0.44
1.65,4.43,2.84
4.1,1.94,3.64
1.25,3.65,4.3
0.5,2.6,1.98
0.06,0.81,2.65
0.18,0.52,3.52
0.55,4.28,0.24
4.38,4,3.65
4.03,3.01,4.69
1.31,2.27,4.47
4.75,1.14,2.17
0.1,0.8,0.04
2.3,2.62,3.44
2.81,2.88,2.28
4.44,2.7,2.76
2.16,0.93,0.48
3.52,3.1,1.48
1.2,4.75,3.4
2.96,1.35,2.16
2.33,3.62,1.51
0.29,1.62,0.47
2.36,2.09,4.44
3.68,2.4,1.67
4.81,1.85,4.01
4.34,0.41,4.6
1.71,0.77,1.18
0.52,2.25,2.1
0.65,4.96,3.47
0.54,3.45,4.04
1.46,4.89,0.88
2.18,1.08,0.64
4.98,1.89,2.17
4.53,3.91,0.03
2.86,2.8,2.56
1.43,0.87,2.85
1,1.13,1.32
2.68,1.92,4.79
3.33,2.28,4.39
4.46,1.51,4.56
4.55,3.4,4.31
4.78,4.04,0.25
3.57,2.3,2.11
3.76,2.57,4.7
4.26,1.41,0.93
2.42,1.42,1.07
2.79,3.27,1.76
4.34,1.98,0.41
3.01,3.5,4.08
2.7,2.9,4.54
1.57,2.56,2.99
3.87,3.67,2.67
3.91,3.35,2.81
0.84,0.95,4.89
1.06,0.65,1.36
1.3,1.26,4.87
1.85,1.35,2.07
1.21,0.52,0.59
2.78,2,2.33
4.22,1.91,0.49
2.91,3.36,2.59
3.6,4.27,3.93
2.6,4.39,2.23
4.25,4.03,0.61
2.14,2.9,4.91
3.27,2.32,2.89
2.61,4.25,0.13
1.3,1.43,1.89
3.51,3.88,0.28
0.78,4.02,2.55
1.49,2.78,1.73
1.46,1.79,0.42
4.81,0.58,0.91
3.89,1.53,1.24
4.96,2.21,1.45
0.75,1.63,2.54
2.37,2.3,2.8
1.34,3.74,3.22
1.32,2.44,0.62
2.42,1.63,0.44
2.46,3.75,1.2
4.72,2.74,0.52
0.52,0.03,4.37
1.5,2.43,0.82
3.31,1.59,1.07
4.63,1.15,0.32
1.94,3.36,1.02
2.5,4.8,4.43
4.92,3.69,1.84
3.86,3.13,1.88
0.46,1.8,1.66
3.39,1.92,3.94
0.26,2.26,3.97
0.72,2.25,0.38
0.36,0.28,1.29
0.21,2.72,2.24
3.22,3.85,0.67
1.16,0.93,3.44
0.5,2.74,3.01
0.28,3.03,2.18
2.17,1.02,4.31
1.67,0.76,3.97
1.54,1.39,3.76
1.02,1.62,0.34
0.74,0.8,1.71
1.65,4.78,2.76
1.37,1.63,1.77
4.04,2.51,3.37
1.89,1.43,2.31
2.61,0.4,2.02
1.98,0.32,2.81
2.83,3.16,0.87
1.95,1.2,0.77
3.11,1.23,1.05
1.52,3.98,3.46
4.94,3.3,1.45
2.35,2.66,4.7
1.99,3.77,4.11
3.16,3.92,1.03
1.7,1.4,2.21
3.45,0.85,3.43
3.79,1.7,0.84
0.67,4.95,4.85
0.09,4.51,3.57
1.83,3.18,3.6
3.78,2.52,3.12
2.49,1.4,1.15
4.87,2.95,2.54
4.83,4.4,1.71
4.18,1.09,0.29
2.55,4.45,2.03
3.52,4.66,4.77
1.68,0.61,3.69
4.01,2.39,0.77
1.77,0.8,1.83
2.07,2.69,4.61
3.56,4.92,1.1
2.72,4.11,3.19
4.04,2.81,2.34
1.28,1.83,1.16
3.21,3.28,4.04
4.65,2.66,2.44
3.62,0.41,1.65
4.81,1.51,0.65
0.65,3.49,1.1
1.56,3.36,4.27
1.35,1.58,3.3
3.3,1.4,4.8
4.6,0.79,4.01
3.72,2.63,2.57
2.49,0.56,3.81
1.32,4.95,3.7
2.15,0.82,3.63
0.48,3.51,1.01
2.95,2.75,2.28
3.68,4.88,1.7
3.76,0.53,1.83
1.48,4.8,2.22
3.21,2.97,3.47
1.4,3.65,2.5
2.83,4.12,1.95
2.51,1.7,1.99
1.37,0.21,3.46
2.21,0.01,4.5
4.5,2.83,2.78
4.21,1.86,4.76
0.46,0.29,1.75
1.14,4.77,1.46
2.37,0.88,3.49
2.03,0.28,3.2
3.24,2.35,4.19
3.01,3.93,3.1
2.14,3.55,3.51
1.85,0.57,4.75
4.63,0.31,3.74
4.04,2.65,0.23
3.7,1.22,1.34
4.16,0.89,4.18
3.67,1.35,0.78
1.18,4.93,2.86
3.4,0.3,0.67
4.26,1.77,1.24
3.11,0.18,3.56
2.09,2.03,1.5
1.5,3.55,0.38
3.4,1.24,3.46
2.28,0.34,0.91
4.8,2.23,3.26
2.05,4.95,4.5
4.13,1.96,3.31
0.28,2.03,4.72
0.86,3.08,1.35
3.35,4.93,2.63
0.39,0.82,3.1
2.17,1.62,0.43
0.27,1.65,4.61
1.26,0.74,1.38
2.41,2.36,2.67
4.89,1.79,0.95
4.81,2.74,2.05
3.82,2.55,3.88
0.33,0.22,3.24
1.51,1.2,4.4
1.62,0.35,2.45
2.46,3.39,0.24
2.1,1.67,0.52
3.18,1.12,3.22
3.12,2.99,2.9
4.95,1.71,2.16
1.78,4.36,4.12
1.63,4.44,4.16
2.57,2.2,1.47
4.98,0.17,3.41
3.34,1.52,2.83
4.4,0.11,2.47
2.24,4.44,3.17
4.91,0.45,3.38
0.77,1.48,2.62
2.75,4.64,1.34
4.57,4.12,3.89
2.31,4.13,2.98
3.9,3.4,1.61
2.96,0.28,4.32
0.59,3.43,4.5
4.88,0.54,3.69
0.51,4.19,0.61
4.14,3.45,0.04
2.79,2.7,4.52
4.88,0.04,4.89
4.82,4.14,0.54
2.48,4.96,3.16
3.7,1.7,1.38
1.58,4.53,3.13
4.58,0.56,1.7
4.1,3.91,3.34
3.41,3.5,4.13
2.28,0.94,1.78
0.01,4.85,1.2
1.02,0.87,3.22
4.27,0.07,4.18
0.47,2.94,2.32
3.39,0.96,2.53
3.91,2.87,1.17
3.48,4.12,0.88
1.17,0.55,0.54
1.72,2.44,4.22
3.73,4,0.18
1.73,2.06,1.93
2.73,4.7,3.65
4.72,4.02,0.26
4.87,1,3.67
0.94,1.09,2.05
0.57,0.45,0.12
1.6,1.27,4.17
3.39,4.77,3.38
3.68,4.01,3.92
1.46,2.06,2.98
3.94,0.46,4.25
1.95,3.49,1.38
2.92,2.62,2.71
4.84,1.6,4.45
3.02,0.62,0.9
4.31,2.53,2.22
3.07,3.02,1.67
1.83,4.56,1.87
2.25,0.99,4.71
1.44,1.52,0.04
0.96,2.78,4.41
3.02,2.06,1.78
2.9,2.37,3.32
1.02,3.62,2.84
1.24,1.44,0.13
4.56,3.23,4.04
0.19,3.16,4.69
1.92,3.55,0.21
0.26,3.42,1.93
1.88,3.42,2.39
3.09,1.02,0.83
3.61,4.33,1.97
2.61,4.73,1.87
0.57,1.57,1.63
2.32,1.16,0.96
3.72,1.57,0.54
2.51,1.88,1.49
3.3,2.36,3.67
1.92,4.05,0.76
1.27,1.32,0.59
0.48,1.01,2.7
1.76,1.72,0.86
0.55,1.57,1.54
1.69,4.12,4.07
2.23,3.78,4.34
3.65,2.19,3.97
3.41,0.45,0.71
4.34,1.62,3.7
0.04,4.4,0.11
2.3,2.81,2.74
3.69,1.53,1.17
2.13,0.64,2.92
0.84,0.39,4.06
0.22,1.81,3.96
4.54,1.75,3.06
3.62,0.08,3.33
4.29,2.39,1.01
4.39,0.9,2.19
1.62,1.62,1.24
0.66,1.17,3.3
4.91,0.36,2.06
3.15,4.35,1.82
1.69,1.41,4.91
0.75,3.11,1.56
0.06,0.56,0.63
2.64,2.18,2.4
2.84,2.43,3.91
2.97,3.13,0.24
2.42,1.56,0.65
0.21,4.46,1.3
0.06,3.3,1.85
3.88,4.79,4.26
3.46,3.97,0.96
4.39,1.62,1.96
2.11,4.6,2.73
4.13,0.33,2
3.82,1.71,4.59
1.44,0.88,4.89
2.24,0.14,2.39
1.11,0.18,2.22
1.34,2.56,1.55
0.35,0.56,1.82
1.55,2.14,1.19
3.34,3.2,0.09
3.55,1.89,0.16
1.7,4.75,4.58
2.2,4.47,1.12
1.43,4.73,1.98
0.79,3.34,3.06
1.65,1.79,2.03
2.39,3.51,0.84
1.81,3.83,3.81
2.94,0.05,3.36
0.24,0.39,2.87
1.37,3.02,1.16
3.9,1.15,0.67
3.26,0.86,3.86
1.75,2.95,1.96
2.28,3.9,3.78
3.05,0.07,3.38
1.57,2.93,4.66
2.36,0.05,1.69
0.92,2.11,2.96
2.84,1.97,1.08
2.79,1.25,2.11
2.2,1.75,4.11
3.1,4.93,1.47
0.32,3.17,2.49
1.34,4.97,3.11
3.79,1.36,4.9
2.77,1.41,0.25
0.98,0.06,3.37
4.45,3.29,1.33
0.82,1.26,3.55
2.56,0.61,4.81
1.59,3.01,2.1
2.59,2.3,0.54
1.73,4.18,0.55
3.94,2.85,1.11
4.22,2.8,3.51
0.62,0.88,2.74
3.26,1.84,0.41
4.91,1.31,2.57
2.53,2.73,0.86
4.42,4.81,3.21
2.95,3.09,3.42
2.65,1.75,4
2.46,1.45,4.57
3.03,0.52,1.15
1.56,2.69,0.12
2.57,1.43,3.61
0.74,1.1,0.68
2.06,1.6,0.73
1.24,4.11,2.03
3.5,4.44,2.45
4.86,1.86,4.85
4.76,3.49,3.99
0.14,2.33,2.69
0.16,4.64,4.97
3.39,0.68,3.32
0.62,4.14,0.72
4.02,4.92,1.43
2.64,2,0.1
2.73,3.51,0.53
1.22,2.73,4.74
0.32,4.99,0.41
0.99,4.33,4.37
3.17,2.71,1.78
1.92,3.03,0.7
4.13,1.52,4.14
4.56,0.72,0.79
4.56,3.89,3.98
2.97,2.82,3.18
4.92,4.19,3.69
3.48,0.96,0.53
2.71,0.49,2.28
3.22,4.35,4.34
1.17,1.94,3.18
0.49,1.62,4.29
3.32,3.23,1.57
3.85,4.59,4.25
1.18,1.03,1
2.76,0.72,4.93
1.47,1.98,2.36
4.64,4.91,2.77
4.79,2.71,3.32
2.98,4.4,1.13
1.87,2.7,2.65
1.49,2.03,1.76
2.04,4.79,1.22
4.54,3.28,1.49
1.48,0.78,2.54
2.89,4.65,4.46
2.79,3.75,0.14
2.77,4.24,1.14
2.61,4.61,4.21
4.86,1.43,2.9
2.58,1.38,2.46
1.57,4.1,2.96
4.78,1.13,2.86
2.07,0.21,1.25
3.48,1.08,1.89
0.84,4.2,0.05
1.56,3.42,4.48
4.51,0.1,3.92
2.5,1.11,3.63
4.61,0.48,3.83
0.7,2.75,0.11
0.49,4.04,4.13
1.29,2.92,3.85
3.49,1.88,2.24
2.31,1.57,3.35
2.42,0.51,2.04
1.05,2.89,2.04
0.21,0.05,2.73
1.03,4.55,2.87
0.53,0.56,2.12
2.85,1.99,4.92
3.92,4.48,3.04
2.54,3.13,1.61
1.36,1.2,1.31
1.25,0.45,1.91
4.05,1.58,3.94
4.01,1.89,0.01
1.31,1.27,1.52
0.83,0.5,3.66
0.21,4.02,3.65
1.97,0.74,1.27
4.92,1.4,1.5
0.31,2.86,2.41
4.7,3.16,4.13
0.73,0.36,1.49
4.62,4.94,0.93
1.41,3.95,3.66
1.45,3,2.37
1.82,3.62,0.34
4.25,0.08,2.16
2.21,4.76,3.71
3.46,2.39,3.72
4.24,4.22,1.24
3.06,2.05,0.2
4.41,1.4,2
4.87,4.56,0.74
4.21,1.72,0.46
3.19,1.21,0.16
4.62,2.89,1.61
4.51,1.3,2.85
4.58,0.63,3.54
2.36,3.96,2.64
2.44,2.62,0.49
3.48,4.25,3.67
4.24,4.73,3.29
4.74,4.4,2.28
4.84,0.05,1.21
2.62,1.55,4.66
0.82,3.8,4.89
2.81,3.15,0.59
2.2,0.51,0.61
4.84,0.81,3.19
4.5,2.56,3.06
3.81,1.96,1.08
3.33,0.6,3.89
0.61,0.03,0.31
0.98,3.7,0.05
3.4,4.81,4.63
4.37,0.46,2.76
3.84,2.87,3.42
0.78,3.78,2.13
4.47,4.49,3.51
1.05,2.37,3.99
1.42,0.84,2.17
0.75,4.06,3.8
4.87,2.94,1.17
0.86,2.96,0.84
2.66,1.21,4.48
2.16,0.53,4.55
4.02,1.81,1.06
2.33,1.99,4.21
4.57,2.49,4.68
3.94,2.89,2.53
1.63,2.25,0.37
1.11,3.05,2.94
4.08,0.42,4.11
2.11,3.06,1.28
4.34,4.12,4.08
0.08,2.7,1.16
2.18,2.08,3.71
2.77,4.18,0.2
3.95,0.44,4.31
2.53,0.17,4.67
1.14,0.08,4.87
2.38,1.43,3.49
2.87,4.86,4.11
3.61,4.87,3.74
2.63,2.4,0.05
1.86,4.41,1.01
2.88,1.48,4.39
1.46,4.42,2.44
3.57,4.64,4.35
0.84,0.81,0.43
1.37,0.62,4.48
1.52,0.1,3.94
0.84,0.31,3.69
1.66,0.48,1.28
4.38,3.67,4.96
1.85,0.15,2.79
3.72,3,3.2
2.99,2.39,3.31
1,2.63,3.46
2.27,4.71,4.25
2.85,2.39,1.93
2.74,0.22,1.69
4.87,0.43,2.23
1.03,1.96,4.36
3.15,3.76,3.85
3.07,2.7,4.04
2.9,2.72,2.92
3.62,0.64,4.09
2.32,1.56,0.48
1.75,4.83,3.45
5,4.41,4.85
2.35,3.87,2.27
2.71,2.97,0.81
2.06,3.18,2.18
4.07,3.88,1.17
4.86,2.36,2.07
4.18,0.14,3.3
0.22,4.85,2.12
1.03,3.48,3.03
2.96,4,4.46
2.67,1,1.45
0.08,1.47,1.7
4.46,4.59,3.05
4.03,2.77,1.93
1.68,3.5,2.39
4.86,4.39,1.06
3.2,2.11,0.4
3.48,0.31,2.36
3.91,2.04,4.61
0.49,3.51,3.16
1.4,3.78,0.8
3.47,4.28,1.09
3.6,0.69,1.46
2.88,3.85,1.42
0.33,1.04,3.47
0.9,4.37,1.31
3.66,2.54,3.35
0.89,0.8,1.03
2.85,2.75,0.22
2.35,3.15,0.7
0.48,2.66,3.4
2.14,0.59,2.96
4.36,0.13,1.55
1.59,2.67,0.28
2.08,0.81,3.28
3.88,1.95,4.81
3.11,1.59,4.26
2.86,2.16,1.3
1.66,1.33,3.31
2.46,4.08,1.09
0.56,2.87,3
0.49,1.87,1.59
1.88,4.86,3.62
2.1,4.24,2.89
0.72,1.87,0.96
4.24,2.76,1.91
1.86,1.54,2.66
4.77,4.94,0.16
3.85,0.97,3.15
2.37,2.21,4.39
3.65,4.51,0.52
1.42,2.46,3.99
2.44,3.47,0.04
4.58,1.87,4.99
0.08,0.95,1.86
4.52,3.15,0.29
2.53,4.14,3.76
0.93,4.53,2.65
1.65,1.7,2.3
1.26,1.43,4.55
3.56,0.12,0.16
4.8,0.37,2.18
1.76,0.58,4.19
0.9,4.08,2.1
2.25,3.79,4.58
1.96,3.09,4.31
4.88,4.16,1.74
2.61,2.2,3.39
1.33,3.2,2.81
2.09,4.76,0.6
4.57,3.01,3.79
3.79,1.88,4.19
4.95,3.63,0.32
0.57,0.53,1.56
3.71,4.96,2.92
4.88,0.67,0.22
2.79,2.59,1.28
3.87,1.04,1.88
0.74,2.07,4.74
4.02,4.04,4.18
4.97,1.54,4.76
0.35,2.81,0.15
4.74,3.07,3.76
4.65,1.1,2.48
0.56,3.5,1.29
4.61,0.5,2.15
4.91,2.63,3.03
3.66,2.69,4.25
0.4,2.67,4.5
3.44,0.74,4.65
2.32,4.41,0.9
1.83,1.05,3.82
4.17,2.11,1.22
1.19,4.35,3.35
0.62,3.53,4.86
2.32,0.86,1.02
0.27,4.5,1.69
3.83,3.86,1.73
4.51,1.6,0.6
0.52,0.81,2.91
1.88,1.97,4.5
2.12,4.94,4.31
0.09,4.63,4.59
4.63,1.12,1.73
0.78,4.85,1.53
4.46,2.09,2.38
1.33,0.29,1.45
0.71,1.54,1.17
2.37,1.84,0.5
0.3,4.7,2.91
2.18,3.67,2.81
4.43,3.18,2.36
0.86,3.4,3.36
4.58,2.29,2.79
1.55,4.18,3.01
1.6,3,2.61
0.93,1.42,2.55
2.09,4.09,1.92
0.53,4.54,4.6
4.78,1.09,2.37
1.32,0.73,0.17
0.37,3.34,2.7
2.55,2.3,2.64
3.87,4.47,3.37
4.59,4.48,2.92
2.41,2.74,4.96
2.53,0.95,0.47
2.41,1.68,2.7
2.46,0.1,3.83
0.23,2.8,0.62
4.89,1.54,2.52
1.1,1.11,3.86
3.6,2.18,2.32
0.07,2.3,1.59
0.31,0.75,4.6
1.8,3.88,1.21
3.76,0.24,0.12
3.14,3.23,3.19
2.8,4.52,4.51
3.5,0.78,2.59
1.25,3.36,3.2
4.23,2.54,2.78
5,3.61,2.32
0.68,4.56,0.13
2.73,2.8,2.91
3.39,4.69,0.59
3.44,1,4.98
3.49,0.41,1.98
0.52,2.79,0.09
2.53,4.82,4.04
1.16,4.73,0.47
2.78,3.81,1.36
4.3,2.02,1.91
2.09,2.96,4.02
2.31,2.21,3.01
4.98,0.53,2.33
0.89,0.92,2.71
1.74,0.86,4.44
1.02,1.01,3.45
4.1,1.42,3.78
0.32,2.06,2.65
1.72,3.87,4.2
1.88,1.53,3.25
2.77,0.92,2.71
4.52,3.19,0.24
2.08,1.9,4.72
0.02,1.4,3.76
2.48,1.96,0.84
3.69,3.63,3.04
0.21,2.89,2.39
3.07,1.05,2.03
4.78,3.49,2.63
4.23,0.71,1.95
3.24,4.83,1.42
3.15,3.64,1.09
4.95,0.26,2.53
2,3.21,1.94
3.22,2.29,2.9
1.15,1.76,3.41
1.58,1.67,5
4.56,2.51,4.19
1.02,0.97,3.25
2.88,4.79,4.12
2.45,1.49,4.41
3.47,1.55,0.04
1.99,1.17,0.54
1.26,1.71,4.06
3.05,3.3,1.21
4.48,2.41,2.25
4.6,2.5,1.25
3.72,3.38,2.6
2.84,1.42,4.4
4.93,1.35,4.06
4.26,0.91,0.18
1.48,1.27,2.48
3.82,0.45,0.63
3.92,0.28,4.12
0.81,1.92,4.51
3.42,2.22,4.82
4.89,0.95,4.88
4.38,1.21,2.75
4.54,0.44,4.32
1.49,0.04,0.49
0.15,1.67,0.44
1.6,0.53,1.49
3.03,3.14,2.02
4.98,2.35,2.41
1.41,2.16,2.13
1.87,0.14,0.59
3.3,1.07,2.45
2.72,1.04,3.95
2.25,1.03,1.39
4.98,0.94,3.12
1.15,2.17,1.87
3.99,3.33,4.33
0.83,1.46,2.02
2.27,0.98,1.43
0.92,1.7,3.61
1.87,3.97,1.26
3.9,4.29,2.65
2.84,2.79,4.28
1.93,3.56,1.67
3.19,2.57,3.45
2.7,0.26,4.88
1.68,1.59,4.75
2.38,1.28,4.55
1.71,4.65,0.39
3.92,3.29,4.19
1.05,0.64,3.52
4.45,3.51,0.02
0.65,0.13,2.2
1.65,4.08,0.47
4.05,2.45,2.9
3.98,1.63,4.95
2.26,4.74,3.91
4.06,4.66,2.21
3.78,3.68,1.41
1.63,1.9,3.13
3.81,0.84,3.79
1.76,3.34,1.2
1.3,0.44,0.59
4.43,3.41,1.07
2.2,0.7,3.38
2.16,4.76,1.45
2.42,1.89,3.48
1.69,1.77,4.29
2.85,1.57,1.77
3.36,1.8,2.77
1.55,3.02,0.73
1.75,3.76,1.72
3.13,4.26,3.57
0.66,0.83,1.98
2.2,2.61,4.97
1.51,1.59,4.33
3.71,1.05,2.63
0.67,4.97,2.7
4.43,4.55,0.88
3.59,0.05,1.53
1.79,4.52,2.93
4.87,0.64,2.14
2.74,4.43,3.1
3.47,4.94,3.98
4.89,4.84,1.01
2.6,4.44,0.05
3.17,1.07,1.71
1.33,3.92,0.62
4.03,4.31,1.64
2.56,4.13,2.67
3.65,3.81,2.99
4.96,4.7,0.69
3.09,3.87,1.32
2.17,4.75,2.28
0.78,1.52,4.97
1.29,3.21,0.8
4.91,0.93,4.91
3.31,1.72,2.23
2.1,2.35,1.39
0.37,3.09,3.46
0.12,0.55,3.18
4.8,4.7,0.63
0.78,0.32,0.72
1.89,2.4,4.75
2.07,0.44,4.18
1.05,2.88,4.57
0.99,2.61,3.86
3.19,2.59,0.34
1.64,4.31,3.91
4.37,0.75,2.47
4.23,1.66,1.47
3.8,2.31,3.98
4.52,3.5,2.23
1.21,2.42,4.93
2.76,4.93,3.14
4.32,3.53,0.28
2.95,1.14,4.85
0.84,1.66,4.87
4.76,0.5,2.69
1.48,0.08,0.76
3.09,4.36,4.7
2.97,4.55,1.33
0.96,1.39,1
2.55,2.22,2.88
4.88,1.57,1.92
0.07,4.37,2.15
1.53,4.16,3.43
4.88,4.45,1.96
2.47,1.94,0.3
4.76,1.55,1.45
0.45,3.28,0.95
0.19,4.73,1.75
3.24,1.68,1.96
4.76,3.39,0.52
3.01,3.12,2.22
3.87,3.79,2.64
0.55,4.91,3.85
0.86,2.4,4.69
3.01,4.54,3.93
1.77,4.86,1.85
2.38,0.05,4.94
1.42,1.45,3.25
1.86,4.92,0.38
4.99,2.81,4.89
2.71,2.35,0.38
0.94,3.54,2.07
4.38,0.16,4.84
2.3,0.36,3.47
0.02,2.03,2.75
4.09,0.6,3.35
4.47,2.74,3.43
3.92,0.53,2.4
2.25,3.81,0.08
4.07,1.95,2.82
3.29,3.23,0.18
2.68,2.92,2.88
4.54,2.75,0.32
1.59,2.59,1.64
2.58,2.16,4.08
1.96,4.57,3.72
0.41,3.28,1.51
1.14,0.67,1.5
4.09,2.09,3.6
1.96,1.69,3.06
3.61,0.78,1.71
1.91,0.09,2.14
3.28,3.87,0.5
3.06,3.21,1.74
2.83,1.72,0.22
2.76,4.91,4.7
0.15,3.36,1.29
0.95,0.43,4.89
2.74,2.62,4.62
3.06,4.6,2.07
4.23,4.12,1.49
2.91,4.17,3.29
2.06,4.14,1.26
0.35,1.26,0.39
2.68,4.38,3.08
0.94,4.66,2.32
2.1,1.55,1.62
0.88,4.93,1.56
2.66,4.8,2.31
3.24,2.9,1.06
4.45,2.1,4.31
4.56,3.03,1.4
0.08,3.39,4.02
4.23,4.47,0.24
3.13,4.78,2.3
3.4,1.04,1.11
4.78,0.35,1.32
0.03,3.34,2.24
2.28,1.63,0.88
1.02,1.11,4.6
4.26,4.79,1.23
2.73,3.89,2.27
2.1,1.54,3.62
0.01,4.15,0.15
1.87,0.74,1.61
1.36,3.18,1.61
1.31,2.28,3.74
0.85,3.98,3.64
4.03,3.74,3.44
0.55,2.45,3.19
3.41,1.25,3.4
4.39,2.54,4.68
2.07,1.28,1.9
1.6,2.64,0.77
2.72,4.7,3.15
0.24,1.73,4.58
2.02,2.94,3.5
3.29,4.93,2.76
2.58,2.37,0.57
2.04,0.59,0.36
1.63,0.87,2.68
2.21,4.23,0.41
2.45,2.34,4.9
2.08,4.45,2.01
2.87,4.99,4.56
1.29,0.24,3.9
0.41,2.65,3.61
3.52,0.82,2.34
0.57,1.7,0.27
0.14,1.08,1.92
4.76,0.5,2.42
0.54,0.8,4.15
1.46,1.4,2.47
1.26,1.85,2.67
1.1,1.3,3.21
1.59,2.73,2.28
3.05,0.17,2.23
4.76,2.92,3.34
1.78,0.31,2.39
2.51,1.12,4.96
0.76,3.02,3.2
3.81,4.99,2.55
3.61,4.09,4.26
3.37,3.63,1.13
1.53,3.35,2.94
2.98,3.12,3.63
1.4,3.87,0.5
3.51,3.63,1.73
2.25,2.1,2.11
4.59,1.62,0.3
4.67,0.15,1.84
4.21,3.01,0.54
4.18,0.37,3.27
0.23,0.14,2.85
0.23,0.18,3.08
1.93,3.16,1.19
3.15,1.05,0.38
4.93,2.09,1.99
2.26,0.84,3.56
0.74,2.49,2.1
3.48,3.76,0.45
3.41,2.02,1.73
3.75,1.24,3.43
4.04,4.6,3.57
3.23,1,4.72
4.08,2.33,1.76
4.03,3.58,4.41
3.78,2.92,2.32
0.67,2.03,1.45
4.97,4.12,3.56
2.28,1.17,0.97
2.82,1.74,4.66
2.75,0.32,0.24
4.08,2.85,2.3
1.2,0.26,0.11
3.79,2.69,4.21
2.3,4.68,2.53
4.6,0.49,1.17
0.14,3.5,4.29
1.29,4.48,4.68
0.95,3.33,2.83
4.77,3.28,2.41
0.67,4.16,2.34
0.69,1.18,4.61
4.07,0.53,2.89
2.25,2.52,3.21
0.96,0.35,1.69
3.62,4.47,2.25
2.84,2.74,3.99
3.76,2.65,3.42
3.7,4.43,4.25
0.83,2.05,2.12
3.29,0.88,0.63
1.3,2.76,4.63
0.25,0.27,2.43
3.84,0.32,3.65
3.09,2.95,4.47
1.86,4.42,1.66
0.92,0.52,0.3
3.9,2.81,1.16
0.85,2.98,2.21
2.51,0.08,4.28
3.48,4.2,1.65
4.86,3.86,1.47
4.02,4.51,3.2
0.97,3.98,4.1
4.65,3.75,4.08
3.85,4.04,1.79
4.36,4.21,0.45
4.01,2.98,3.24
4.32,2.91,3.78
1.13,3.27,2.8
0.62,2.88,0.88
1.01,2.51,2.85
4.3,1.08,0.34
3.86,3.8,0.1
4.85,1.53,0.99
3.66,3.19,3.78
3.49,3.33,0.82
4,2.66,4.22
5,0.62,2.6
0.37,4.86,2.96
0.24,1.12,2.64
4.76,0.76,2.76
3.27,2.62,2.96
3.54,0.45,3.98
2.96,1.18,2.78
2.56,2.3,2.26
1.47,0.54,0.25
3.98,0.44,4.65
0.79,3.58,2.35
2.31,4.4,3.81
3.11,2.76,2.88
4.73,1.01,0.74
4.2,3.09,1.34
2.28,2,3.24
0.09,4.22,2.61
4.94,1.33,0.2
0,3.91,4.16
2.74,3.83,4.12
3.98,2.28,0.05
0.41,0.84,2.31
2.77,4.11,2.09
4.38,4.08,4.83
3.14,1.14,4.17
4.99,0.09,1.32
0.54,2.98,3.86
1.46,4.3,3.82
4.1,1.51,0.6
4.32,1.78,1
2.56,2.95,1.01
3.66,0.43,3.67
1.73,3.71,1.71
3.43,3.43,2.92
0.03,3.79,4.2
2.94,0.35,1.57
4.9,1.17,1.65
4.74,3.93,2.42
4.68,3.33,1.11
1.66,4.18,0.1
4.35,0.39,0.15
3.54,3.23,2.29
1.04,2.96,1.84
0.1,1.27,0.31
0.88,4.2,0.21
3.58,3.98,1.25
0.61,4.27,2.23
2.31,3.4,4.62
2.19,4.57,3.94
1.51,3.65,4.25
1.94,4.27,2.24
4.05,3.18,3.22
4.78,4.17,2.27
4.6,1.11,1.99
4.18,4.08,1.74
0.47,0.11,1.22
2.57,0.31,1.57
3.34,3.4,1.39
1.81,2.44,4.79
4.64,2.57,3.12
4.08,0.29,2.1
4.1,4.76,4.15
4.6,3.62,3.48
2.58,3.46,0.21
2.6,0.59,0.75
3.43,0.43,1.54
4,1.71,1.83
2.39,1.88,2.75
2.68,0.85,4.63
2.85,4,1.92
3.21,2.57,0.81
3.92,1.7,3.82
4.45,4.23,2.19
4.88,4.41,4.1
1.21,4.34,4.88
3.84,4.17,0.43
4,2.45,0.11
3.24,2.27,4.85
5,0.25,0.16
4.42,3.47,0.25
2.49,2.78,0.34
0.62,3.83,1.2
3.06,0.12,0.08
1.21,1.32,3.43
3.51,2.79,2.78
1.56,3.14,2.67
0.6,1.71,4.85
4.03,2.25,3.57
1.16,1.49,4.35
4.91,3.02,2.74
3.82,0.19,0.16
4.28,3.09,3.35
2.46,0.44,0.95
0.68,0.5,1.67
1.62,2.51,0.13
0.29,0.81,3.42
1.6,2.17,2.99
2.37,2.52,2.73
0.79,2.57,2.35
0.1,1.01,4.24
4.37,1.08,3.65
0.2,1.04,2.09
4.11,4.11,1.39
4.89,2.44,2.24
1.85,3.8,3.16
1.74,0.43,4.91
3.74,3.76,2.37
3.09,1.99,3.62
2.56,1.24,1.87
3.63,4.35,2.1
0.2,2.28,1.86
0.01,2.38,4.91
0.61,0.69,3.1
0.14,3.7,1.77
4.66,0.04,1.87
2.9,0.02,0.5
1.58,4.64,1.07
4.35,1.82,4.37
4.35,1.53,4.61
2.95,4.61,3.22
4.89,1.26,2.54
1,0.61,3.62
0.59,3.48,4.49
0.86,1.88,4.42
4.9,0.66,2.99
3.5,2.85,2.39
3.4,3.6,1.55
2.26,4.63,4.69
0,0.31,3.25
3.43,1.81,1.39
4.8,3.99,2.94
3.19,1.32,2.16
1.44,1.13,4.3
3.34,1.19,3.35
4.55,3.18,0.74
4.5,2.1,3.06
1.51,3.56,4.01
4.26,4.41,4.4
2.79,1.62,4.29
1.11,4.17,4.13
4.53,0.19,1.11
0.19,3.47,0.83
3.61,0.76,3.08
0.51,2.83,3.06
2.15,4.49,1.86
3.49,2.27,0.51
1.9,3.13,0.66
0.11,3.66,0.2
3.48,0.1,2.42
2.61,0.73,3.33
0.88,0.29,1
3.87,4.88,1.54
2.94,1.89,2.29
0.9,0.12,1.68
3.9,2.86,0.74
1.55,2.83,2.9
4.41,0.96,0.83
3.32,0.07,2.87
2.22,0.71,4.02
2.44,2.76,0.9
1.93,1.37,1.55
1.26,3.63,1.3
1.74,1.74,4.78
3.91,4.28,1.31
3.27,1.12,2.71
4.82,2.35,0.3
3.03,0.47,1.27
2.36,3.24,0.42
3.57,0.85,1.4
2.15,1.29,1.22
0.63,0.52,2.93
3.7,4.75,3.55
1.14,1.98,1.55
3.92,3.46,0.38
2.73,0.07,4.15
1.41,2.46,1.67
1.53,0.13,3.66
0.65,3.6,2.1
3.48,3.79,3.94
0.08,0.32,0.52
3.09,1.35,3.96
2.31,4.74,1.29
4.62,4.04,3.98
2.74,4.02,2.76
3.98,0.61,4.77
2.1,1.47,2.77
2.75,4.66,1.58
2.75,2.36,0.65
1.56,0.37,0.78
3.92,0.49,0.75
2.99,0.09,4.56
2.82,1.29,1.07
1.55,1.96,3.4
4.72,3.33,0.76
1.12,0.63,1.74
2.63,4.65,1.86
3.79,3.19,2.36
2.67,3.32,3.63
2.69,4.04,2.79
3.02,4.82,4.68
4.84,2.47,2.39
3.76,3.2,1.13
0.11,1.2,0.52
3.8,3.17,1.21
3,3.33,3.57
1.08,0.1,2.03
2.68,0.86,3.61
3.17,2.79,4.49
1.15,4.49,0.53
0.83,4.77,0.44
1.15,4.66,2.45
1.22,2.36,3.66
0.41,2.72,1.42
2.99,1.76,2.14
0.99,4.14,0.1
0.97,0.81,3.06
4.33,2.29,4.44
3.09,3.29,0.47
4.13,1.16,4.38
3.33,1.36,4.04
0.8,3.27,4.1
1.24,3.48,1.29
4.84,4.14,2.77
2.17,3.24,3.65
2.69,4.98,4.71
2.7,0.57,3.93
4.37,1.46,3.37
0.91,1.28,3.57
0.74,2.27,3.95
4.14,0.54,4.43
4.53,0.53,3.83
2.44,4.4,3.07
1.16,1.47,4.72
1.08,2.21,4.67
2.01,0.64,0.46
0.68,2.32,0.62
1.32,4.66,4.86
0.4,4.5,1.7
3.31,3.38,3.06
0.05,3.23,2.04
4.51,4,3
0.71,1.04,4.8
0.87,3.45,1.65
3.92,1.18,4.88
0.18,4.19,2.41
3.21,1.01,3.72
0.26,2.33,4.03
0.39,2.4,3.8
1.74,0.61,1.16
4.05,3.36,2.46
2.9,4.97,0.3
0.54,1.06,2.42
4.22,0.68,0.14
2.6,4.03,0.46
3.56,2.91,3.5
0.85,1.56,2.04
0.23,2.74,4.54
4.72,3.34,0.47
2.76,4.63,1.39
2.05,3.49,2.44
1.34,2.97,2.74
0.36,3.41,2.75
3.83,3.12,4.91
1.93,2.38,4.33
2.6,4.72,1.21
1.79,3.13,4.88
1.02,1.23,0.63
1.06,1.76,4.41
3.77,0.98,1.03
1.55,3.98,2.9
4.59,4.39,3.68
0.83,0.24,2.95
3.73,4.37,1.54
0.35,3.95,2.7
0.08,1.76,4.72
2.2,4.84,4.59
1.22,3.25,0.48
1.82,4.2,0.66
4.28,3.5,4.48
4.41,4.38,4.65
2.72,0.33,2.51
0.24,4.5,4.59
3.85,1.83,2.48
4.54,3.9,0.76
0.37,0.83,3
4.85,1.53,1.45
0.87,1.93,0.51
2.49,3.81,2.1
1.56,2.92,3.25
0.35,1.21,0.33
4.05,2.35,3.48
2.18,1.95,4.4
4.2,3.41,1.73
4.25,0.88,4.24
2.03,4.89,0.43
1.52,3.02,4.02
2.13,2.98,1.57
2.38,3.84,2.58
2.81,4.62,2.7
0.64,0.15,2.8
0.87,3.42,0.92
4.66,0.82,4.53
2.39,0.75,0.97
3.92,4.52,3.85
3.04,2.26,0.51
2.97,1.28,1.76
1.08,0.72,4.43
1.78,4.17,3.07
4.09,3.38,1.99
2.66,1.09,3.69
4.04,4.44,2.09
0.38,3.48,0.83
4,3.85,0.48
4.07,0.5,0.2
0.88,2.07,4.98
0.02,0.99,1.49
1.65,0.15,3.83
2.95,0.44,1.48
0,3.59,0.76
2.49,4.37,4.18
0.55,4.59,1.52
2.08,0.17,0.24
1.66,0.94,1.96
2.61,0.36,2.71
0.3,2.82,0.56
4.14,4.42,1.13
0.43,0.51,4.49
1.9,4.93,0.47
4.83,2.13,1.43
1.65,0.17,4.4
0.14,2.09,3.75
2.5,0.11,2.24
3,4.6,1.76
2.93,3.16,0.27
3.13,4.7,1.71
1.28,4.22,2.42
0.82,2.66,3.44
4.52,2.72,1.44
2.98,2.68,2.85
3.23,1.65,4.07
1.61,4.66,1.58
3.18,1.28,0.39
3.68,2.96,3.42
4.7,0.51,1.35
3.16,4.99,2.08
2.11,4.94,4.7
4.04,2.75,3.96
4.89,1.02,4.89
0.59,4.32,4.34
1.07,3.71,1.33
4.24,2.93,0.13
2.21,4.02,1.23
4.35,2.74,4.95
2.96,2.02,1.36
1.87,4.09,1.79
2.94,2.32,4.34
0.53,3.21,1.76
2.61,4.85,1.58
2.55,2.69,4.96
0.15,3.55,1.35
2.76,1.56,1.76
4.21,3.78,3.42
0.96,4.78,2.74
4.62,0.23,3.69
0.15,2.15,0.07
0.05,0.93,0.65
0.39,2.52,0.37
2.69,0.33,4.88
1.41,2.89,0.83
0.66,4.13,3.38
1.64,2.42,0.61
2.43,0.69,2.45
0.39,3.63,0.44
2.74,3.88,1.86
2.15,4.15,2.59
4.39,1.74,3.93
0.27,2.17,4.5
3.81,1.93,1.68
2.51,3.91,0.39
1.03,4.46,3.73
4.57,2.73,4.93
2.56,2.03,1.05
2.17,1.29,3.51
4.05,4.97,2.77
1.6,0.33,4.51
0.25,0.07,1.13
2.73,0.09,2.83
1.29,4.63,0.59
0.08,0.97,2.58
4.43,1.53,0.66
3.27,2.69,4.45
2.39,1.97,3.22
2.73,1.41,3.43
0.75,1.15,4.74
1.48,2.16,1.71
3.58,3.9,1.79
2.65,4.87,3.23
1.52,4.2,2
4.57,3.6,3.14
2.78,4.75,3.7
3.68,2.27,0.55
4.25,4.21,1.43
3.44,4.71,3.45
2.58,0.3,3.83
2.15,3.58,2.65
4.04,0.71,2.84
1.97,1.85,1.62
0.08,0.59,3.56
0.78,0.42,4.45
0.49,0.59,2.86
2.26,1.08,4.2
1.75,0.23,0.7
4.73,2.74,1.43
0.02,4.2,0.98
4.19,4.19,3.86
2.79,0.34,4.29
2.76,0.84,4.72
4.64,0.92,4.12
0.41,0.3,4.92
4.77,1.12,3.17
2.39,3.93,1.16
4.7,3.93,1.53
2.58,4.77,4.07
0.63,0.21,1.34
3.82,4.36,2.12
0.52,2.59,2.27
4.77,3.66,2.05
0.15,4.91,3
1.52,3.07,3.74
4.47,3.79,1.73
4.34,1.06,4.52
2.73,3.68,2.36
4.41,0.14,3.89
1.63,4.71,1.75
1.76,1.21,1.38
0.22,2.6,4
1.76,0.25,2.34
4.99,0.77,2.16
4.95,4.07,1.63
1.94,4.21,2.53
3.99,1.96,4.88
0.35,2.83,3.22
2.86,3.44,2.41
3.78,3.77,2.88
4.11,0.41,2.48
4,3.53,4.53
1.9,1.23,0.07
1.06,2.89,3.18
2.81,1.48,0.51
4.39,1.24,0.65
2.94,2.31,1.39
1.05,3.91,0.45
1.3,0.87,0.85
4.69,4.47,4.9
3.68,1.85,0.57
1.68,1.58,4.25
3.1,3.72,4.11
2.39,3.64,2.08
3,4.34,2.19
0.5,3.18,3.93
4.94,1.94,2.94
1.33,0.22,1.76
1.6,4.36,4.83
2.22,3.29,0.29
2.75,3.57,1.89
0.44,3.56,1.95
0.27,1.39,2.38
3.82,4.01,1.59
1.48,3.27,3.53
2.49,4.93,1.32
4.52,1.25,4.82
4.34,0.17,1.55
2.94,2.83,0.13
3.39,1.88,3.64
1.2,1.52,3.02
1.29,0.1,3.6
4.7,3.18,4.96
2.24,4.41,0.03
2.19,4.83,2.92
3.45,3.87,4.31
2.73,3.6,0.74
0.23,4.11,4.13
4.24,0.19,3.39
1.41,3.11,1.88
4.99,4.43,2.66
1.97,0.02,4.16
1.93,2.52,1.45
3.08,2.81,0.04
3.65,1.46,0.92
0.16,2.8,3.49
4.79,2.58,2.99
1.77,0.18,1.41
4.24,4.89,2.05
2.7,1.86,0.47
0.92,1.26,3.7
3.81,4.83,4.2
0.65,0.91,3.18
0.37,3.44,1.69
3.93,1.89,4.76
4.43,0.18,4.19
4.56,2.38,3.69
1.62,1.71,3.08
0.47,1.3,4.77
2.77,3.42,0.7
1.67,1.05,4.28
4.13,2.93,2.2
0.94,2.87,3.54
4.96,3.01,4.06
1.18,2.97,3.71
0.99,2.68,0.82
2.53,2.66,2.17
3.39,4.56,0.66
2.06,1.86,1.21
4.02,3.52,1.2
3.46,2.08,1.44
3.83,1.8,3.69
4.05,2.39,1.98
1.61,4.57,3.53
2.5,1.62,1.02
0.29,3.83,0.06
1.13,2.27,1.88
4.03,4.05,4.01
0.53,1.8,0.5
3.83,4.98,2.81
2.12,3.18,4.87
4.05,4.56,2.11
1.55,3.53,4.75
0.79,2.01,0.72
1.66,3.98,4.34
2.67,0.85,3.2
4.7,4.11,1.98
3.4,2.74,0.07
3.08,4.29,1.29
1.77,0.04,1.49
2.3,2.72,2.5
4.62,2.33,2.14
1.45,3.07,2.76
3.19,3.58,2.26
0.22,3.65,2.52
4.02,3.1,3.28
2.27,2.12,0.94
4.5,1.91,3.38
2.67,1.64,0.03
0.5,2.54,2.67
3.56,3.49,0.62
3.66,1.04,3.48
0.92,2.29,3.4
1.93,4.84,1.21
2.76,3.19,0.81
0.37,2.58,3.61
0.22,1.3,2.87
4.31,2.51,4.49
3.16,3.37,2.05
2.77,2.56,0.79
3.95,3.97,1.59
0.87,0.61,3.28
1.23,0.09,4.08
2.71,2.5,2.74
3.04,2.72,1.35
4.68,3.27,2.56
4.61,0.81,2.71
0.5,1.1,4.73
3.73,0.56,4.34
0.89,0.01,4.81
1.87,2.27,1.41
4.59,1.98,2.42
0.17,3.77,4.86
1.94,1.33,2.46
1.89,4.92,3.26
4.24,4.62,1.94
3.48,1.02,2.11
4.56,1.37,1.19
0.77,4.55,1.79
3.57,1.28,3.9
1.55,2.05,0.84
1.13,0.97,3.45
4.67,2.2,3.36
0.54,4.58,3.23
3.65,2.31,4.11
4.96,1.84,3.16
4,0.86,4.15
3.06,0.16,0.19
4,0.27,0.09
3.45,3.91,0.12
4.88,0.1,4.9
4.72,1.54,0.84
1.63,1.57,4.76
1.75,4.62,1.86
3.74,4.17,2.14
2.27,3.72,4.16
4.58,3.57,1.17
4.25,4.88,0.94
2.62,3.71,4.17
2.46,0.9,3.97
0.32,3.49,1.38
1.16,4.63,1.94
2.19,2.15,4.58
0.24,0.5,3.54
2.37,4.74,4.03
4.5,1.93,1.71
0.37,0.08,3.84
0.11,2.89,2.77
3.56,0.64,3.59
2,1.67,2.73
2.17,2.05,2.11
0.65,0.85,2.89
0.92,0.2,3.14
3.03,3.56,2.31
0.85,2.45,0.13
1.64,3.3,1.31
3.72,2.47,0.68
1.62,3.79,1.04
4.83,2.93,1.04
0.81,4.55,2.34
4.53,3.58,3.14
1.86,2.65,3.32
0.11,1.82,4.08
0.9,2.61,1.53
3.59,0.11,1.06
3.83,2.68,2.92
2.78,2.67,4.24
4.77,3.56,2.26
1.71,0.53,4.7
0.91,1.63,3.01
4.55,4.93,2.48
1.85,0.71,2.7
2.39,2.24,0.66
4.34,4.07,3.77
0.05,0.25,1.06
4.73,2.26,2.26
0.78,3.77,1.53
1.81,1.81,4.04
3.9,0.93,0.23
4.28,0.78,0.25
1.89,1.64,1.57
0,1.02,2.02
3.69,2.72,1.18
3.07,0.92,3.02
0.28,0.2,1.07
0.35,2.59,2
0.17,4.75,4.87
4.44,1.92,1.06
3.28,4.77,3.96
1.3,0.04,4.97
4.3,1.54,2.16
0.73,2.01,0.02
1.98,2.12,1.79
2.22,3.64,0.11
0.78,1.21,0.24
1.55,0.18,3.59
1.37,4.68,0.76
4.57,1.72,2.32
4.94,3.54,0.09
4.91,2.94,0.23
1.09,1.58,4.5
0.22,3.06,1.95
2.81,0.41,2.25
1.2,0.94,1.71
4.3,2.87,1.81
2.55,2.84,0.94
1.49,4.56,3.09
0.06,3.61,4.44
0.36,1.19,4.71
0.44,2.02,3.17
3.84,4.84,3.85
2.22,1.03,0.1
0.87,2.49,2.87
0.12,2.08,2.7
1.42,2.6,2.96
0.54,3.66,3.64
2.77,1.12,2.11
0.86,1.36,2.31
4.87,1.4,1.48
3.33,4.68,1.15
1.78,3.9,0.08
2.7,0.16,1.83
1.1,0.88,3.91
4.38,0.82,2.25
3.68,4.4,4.5
1.54,1.45,3.99
1.61,2.5,4.77
4.3,2.94,4.97
0.42,3.62,3.28
2.45,4.8,2.6
0.1,1.44,0.04
2.13,0.64,1.83
1.86,3.82,1.65
1.31,4.4,3.8
0.99,2.23,1.76
3.9,2.96,4.85
3.36,4.07,2.64
4.28,0.16,1.36
1.32,1.32,2.71
1.87,2.42,1.64
0.44,2.93,3.86
4.69,1.87,0.59
0.06,3.54,1.6
3.71,2.7,2.21
3.7,4.08,2.95
2.96,1.55,3.44
4.73,0.86,2.65
1.48,2.6,0.19
2.55,0.09,3.36
0.49,3.44,2.62
3.19,2.47,4.4
0.79,0.15,0.66
3.05,3.45,0.07
2.64,2.92,0.11
3.76,0.47,3.95
3.29,4.82,4.78
2.64,2.72,2.89
1.1,1,4.85
3.14,3.62,1.8
3.17,3.01,0.22
2.38,1.37,1.4
1.21,4.61,0.57
2.08,1.65,3.69
3.99,3.92,4.32
0.4,2.05,2.8
3.08,0.14,0.38
3.77,3.85,4.56
4.16,1.57,2.49
3.35,0.7,0.46
4.35,2.27,3.69
1.61,3.83,2.51
0.94,2.89,4.26
1.81,0.43,2.15
0.76,3.77,4.94
3.1,2.36,2.35
2.08,3.44,0.96
2.22,0.95,3.4
4.84,1.45,2.58
0.93,1.37,3.33
4.69,2.79,4.07
4.36,2.95,1.12
4.24,2.48,4.9
2.05,2.69,1.42
3.1,0.02,3.4
2.03,0.34,0.29
0.63,0.2,4.39
0.15,1.02,2.37
2.13,0.92,0.82
0.56,4.89,1.26
4.59,1.44,2.7
3.38,2.61,3.68
2.02,0.39,4.12
4.04,3.73,2.44
0.15,4.84,1.5
1.38,0.61,0.51
0.51,0.25,4.24
4.58,1.8,1.64
0.09,4.57,3.83
0.44,3.94,3.71
4.8,0.37,2.14
0.38,0.08,3.66
4.22,4.6,2.67
3.25,1.11,1.22
2.46,0.26,3.32
1.89,3.59,2.27
4.98,2.89,0.58
1.04,0.62,1.09
3,1.61,0.47
2.89,0,3.97
2.15,2.09,2.72
1.07,3.16,1.1
1.29,3.29,4.35
1.04,4.87,4.27
0.45,0.29,0.47
4.16,0.54,3.74
4.08,3.75,2.97
1.45,3.32,0.13
3.79,2.34,2.91
3.56,2.98,1.96
2.39,4.69,0.45
1.31,1.46,3.42
3.97,2.86,0.69
4.09,3.37,2.47
2.06,3.15,1.52
0.74,2.63,2.17
3.98,4.89,3.39
2.51,0.77,1.82
0.56,0.79,2.26
2.56,3.75,1.37
3.88,3.72,3.67
2.43,0.21,1.92
4.52,4.82,2.76
3.7,2.16,0.43
1.68,3.95,4.48
0.49,3.34,4.84
4.6,1.64,1.15
2.03,3.6,2.04
1.53,1.87,4.6
2.02,2.24,0.44
2.87,0.36,2.6
2.41,2.26,3.58
0.42,0.9,3.38
4.59,2.49,0.82
3.09,1.39,1.63
2.19,3.7,1.72
3.02,0.03,4.34
2.21,4.87,3.34
0.97,2.87,4.4
3.21,4.72,0.45
3.54,2.09,2.89
2.7,0.21,2.73
0.17,3.07,2.49
0.82,3.28,3.81
3.36,4.44,0.61
3.49,3.76,1.62
0.63,0.99,0.15
1.44,0.56,3.32
1.42,1.46,2.28
1.19,3.18,1.19
2.98,3.1,2.08
0.4,4.97,2.18
0.35,2.07,1.76
2.27,2.92,0.88
3.27,3.72,3.08
2.17,2.82,0.31
3.34,0.86,2.12
2.21,1.18,1.12
0.09,4.78,2.71
1.09,2.11,0.46
2.11,0.89,2.52
2.93,1.57,3.97
3.58,4.02,0.92
2.81,3.35,4.84
1.53,3.74,4.74
0.68,0.56,4.88
4.87,3.26,0.88
1.13,3.21,1.72
3.59,2.72,4.76
1.1,2.25,1.85
3.39,0,0.7
0.87,4.17,0.6
0.1,3.89,1.11
2.64,1.52,0.39
1.71,0.23,1.8
1.38,3.07,3.75
0.15,1.23,0.09
4.03,3.75,0.65
4.98,2.06,3.99
3.75,1.56,4.75
1.29,4.29,1.43
0.97,4.54,3.32
4.77,3.12,4.34
3.09,1.42,3.39
3.22,3,1.57
2.56,0.49,3.88
2.4,3.27,2.38
4.06,0.31,2.41
4.28,4.79,0.47
1.83,2.31,3.96
0.13,1.33,0.1
4.63,1.22,4.75
3.66,3.8,4.16
2.3,0.02,3.61
2.26,2.24,0.52
3.81,4.23,2.12
2.55,2.26,0.19
2.46,1.01,2.96
2.81,3.16,3.59
2.93,0.41,0.66
0.16,4.43,3.96
0.01,2.55,1.68
1.11,3.84,4.83
4.35,4.78,0.61
0.35,2.03,3.86
2.26,4.03,2.82
3.48,0.71,4.64
1.29,3.92,0.94
1.57,0.21,2.19
2.86,4.89,3.61
4.21,1.66,0.31
1.8,0.38,4.56
4.87,4.16,2.35
3.99,4.41,4.49
2.98,1.82,0.81
3.93,1.38,1.46
3.33,3.82,2.06
1.28,4.6,4.36
1.35,2.33,4.76
4.31,0.68,0.21
3.31,1.33,0.41
1.06,3.83,2.89
2.76,2.33,1.95
2.06,1.11,1.93
2.08,0.37,4.96
3.61,1.39,3.58
3.67,2.75,0.77
1.15,4.52,2.02
0.13,4.71,1.86
4.39,2.16,1.78
2.46,0.23,2.16
3.4,3.78,3.53
2.16,4.96,2.58
4.58,2.98,3.41
4.38,4.67,4.68
2.65,2.09,1.79
4.53,1.57,0.62
3.63,0.03,4.23
4.9,3.47,0.03
1.9,3.39,1.4
0.56,2.01,2.41
0.87,2.45,1.67
4.82,0.73,0.34
0.31,1.72,3.03
1.94,0.6,0.91
3.82,0.42,3.79
0.26,1.6,3.54
3.05,2,1.49
2.39,1.8,3.69
2.77,2.09,3.53
0.7,3.3,2.25
2.43,4.43,3.9
0.89,1.32,3.45
3.53,2.6,2.61
0.64,0.85,3.67
4.94,4.63,3.45
1.23,3.72,0.07
2.29,1.72,4.67
1.8,1.22,0.23
2.86,0.66,3.79
1.95,1.52,3.52
4.38,0.13,3.22
1.36,1.51,4.72
4.76,2.82,3.7
3.07,1.92,1.71
1.62,1.67,4.75
2.11,2.64,2.11
1.61,3.1,0.56
3.71,2.79,0.74
0.29,2.18,2.27
4.79,3.43,3.54
2.26,3.9,4.25
2.1,4.44,3.57
2.55,3.01,2.38
0.93,0.79,3.01
2.83,2.76,3
4.54,1.15,4.15
0.61,4.32,4.78
1.16,0.75,1.98
4.27,3.44,4.7
3.03,0.13,2.79
0.4,3.51,3.94
2.72,2.09,1.85
1.8,2.51,2.67
4.86,3.65,0.53
2.05,0.93,1.77
1.99,1.11,1.39
2.26,3.2,0.83
4.31,3.04,3.42
3.1,4.43,3.88
4.56,4.73,0.91
4.05,1.13,1.95
4.98,3.83,4.4
3.02,2.7,1.15
1.46,3.46,3.93
0.86,3.96,2.27
1.97,0.89,2.95
2.84,0.12,4.28
0.89,3,1.8
4.32,1.11,3.81
2.54,0.75,3.95
4.73,1.72,4.73
0.89,2.99,4.12
0.88,0.55,2.93
2.36,2.12,1.69
1.42,3.91,2.6
2.21,3.98,2.97
0.55,0.84,0.42
4.48,1.67,4.22
4.07,2.62,1.45
2.2,4.3,0.06
0.23,0.01,1.42
0.29,2.4,2.93
2.85,1.3,4.24
3.01,0.89,4.6
1.58,0.16,0.27
3.97,4.78,1.01
1.13,2.69,0.56
2.98,1.26,1.46
4.28,0.54,4.11
2.67,1.12,4.99
4.41,1.79,4.42
0.79,4.97,4.51
0.74,2.91,0.14
3.02,2.22,1.12
4.82,2.98,2.28
0.21,2.18,0.35
4.26,3.55,1.64
0.11,2.09,3.43
0.28,2.55,2.36
2.51,0.88,1.37
4.52,1.05,0.09
4.94,2.69,2.99
3.93,4.4,0.58
3.92,1.84,0.51
2.91,2.53,1.69
3.46,2.33,4.87
1.17,2.63,4.29
4.6,4.04,4.62
2.3,4.96,0.64
4.14,4.62,0.69
2.36,4.28,1.94
4.71,4.84,3.74
1.84,1.24,1.83
0.45,0.74,0.94
2.14,1.54,1.41
2.95,2.24,4.98
3.14,3.15,1.15
0.6,4.34,3.36
2.47,4.39,4.59
4.77,2.08,1.75
3.19,1.17,0.8
0.2,4.81,0.73
0.32,1.88,4.61
4.09,3.78,3.19
3.65,2.05,4.07
0.98,0.06,3.96
0.31,4.1,1.58
3.54,2.19,3.42
3.49,2.41,2.54
0.81,1.21,0.11
4.97,3.19,0.53
4.15,2.38,3.32
2.9,2.84,1.61
1.59,2.04,4.94
1.66,4.01,3.26
4.36,3.72,0.64
1.64,4.28,1.15
2.7,3.02,2.65
4.1,3.52,1.75
4.76,0.4,0.42
0.88,0.15,2.59
1.23,3.79,4.11
2.01,3.67,3.23
4.13,4.58,0.31
4.66,3.51,0.14
3.97,4.18,3.56
4.37,1.36,4.23
3.68,4.87,0.99
1.27,2.24,0.17
1.49,4.98,3.56
0.31,1.7,3.38
0.04,4.23,2.25
2.57,0.6,0.42
2.85,3.2,4.88
3.76,0.45,1.78
1.88,2.18,4.38
1.35,1.43,3.01
2.52,4.11,3.02
0.07,1.58,1.16
0.87,0.57,0.24
1.24,0.09,0.6
4.17,1.97,4.79
1.41,3.48,0.66
1.65,0.63,3.15
3.55,2.41,2.54
3.94,2.73,0.4
4.16,2.04,0.37
1.02,1.72,3.73
0.72,0.64,1.18
1.28,4.49,1.01
1.03,0.6,4.97
1.71,4.19,0.33
1.13,1.35,0.49
1.07,0.59,0.18
4.57,2.56,3.67
1.15,4.34,2.01
2.86,4.68,3.16
3.09,3.96,4.63
0.07,4.14,1.54
1.81,3.44,1.02
4.24,2.18,1.95
4.85,4.44,0.42
0.07,3.4,4.94
0.07,0.94,4.43
0.4,2.5,4.82
4,4.05,3.42
0.49,1,3.62
0.28,3.76,3.73
1.69,1.6,3.18
4.2,2.68,2.31
0.2,3.63,2.92
3.46,3.27,2.22
2.69,0.31,0.54
1.58,0.54,2.32
1.22,0.94,4.97
0.11,4.4,2.35
2.13,4.49,0.51
3.91,3.44,4.93
3.22,4.72,4.26
3.27,1.58,2.41
0.71,1.56,3.6
1.01,2.73,2.29
1.58,0.72,4.33
4.13,1.03,1.59
3.69,1.88,0.51
0.76,2.8,4.5
3.84,4.95,2.17
1.7,4.54,3.09
0.15,4.62,0.19
0.56,2.33,2.59
0.88,2.59,1.94
1.19,3.58,1.64
0.41,3.77,1.22
0.49,2.05,3.88
2.82,0.57,1.98
3.71,2.53,0.27
4.43,1.93,4.1
2.35,0.77,0.52
0.7,0.03,1.48
3.14,4.52,1.07
2,2.07,0.21
1.9,0.57,3.38
3.92,4.07,3.08
2.31,2.89,2.15
3.83,4.72,1.98
1.73,4.07,2.98
1.39,2.47,0.6
2.02,3.26,3.38
1.27,2.73,1.6
4.75,2.75,0.84
2.01,0.79,3.26
4.14,2.93,3.62
0.21,2.94,1.2
4.17,0.75,3.89
3.17,0.28,3.63
0.34,0.38,0.15
3.96,0.01,2.84
4.64,3.68,1.51
4.41,0.39,4.01
0.41,2.57,2.11
1.23,4.36,3.74
3.42,2.27,0.37
0.46,1.13,0.91
1.64,4.68,0.96
0.4,4.41,3.18
3.23,4.65,0.01
4.9,3.06,4.14
2.33,1.78,1.43
0.83,4.37,2.08
4.09,1.22,4.1
3.58,4.35,1.98
1.54,3.71,0.22
1.43,4.6,1.15
1.28,4.15,0.24
2.44,3.28,4.67
1.44,1.28,2.36
3.33,4.76,1.22
4.43,1.43,2.96
4.4,4.89,1.49
3.9,1.18,3.78
3.93,2.1,4.45
3.27,0.63,4.78
2.96,2.16,4.56
1.37,2.26,2.54
2.15,2.95,4.3
1.51,2.48,3.93
1.57,3.61,2.09
2.57,4.1,4.65
1.63,3.18,2.02
2.31,2.34,0.23
1.95,2.59,0.76
4.55,2.71,3.35
3.25,0.74,0.88
4.7,3.79,0.33
1.03,3.72,4.02
2.88,2.88,4.65
3.72,1.89,1.78
3.73,3.53,4.8
4.94,2.68,2.73
3.75,0.62,3.79
2.9,1.41,0.16
3.92,3.11,1.48
1.3,2.21,2.24
3.95,0.19,4.52
1.42,3.3,3.89
0.19,3.3,2.97
0.46,2.58,2.71
3.62,1.5,3.25
2.44,2.43,4.34
0.52,0.4,0.42
1.86,1.33,2.29
2.52,3.93,3.9
2.17,1.93,3.77
2.25,1.7,3.97
0.02,1.39,0.22
1.83,1.1,3.09
1.34,2.2,4.93
0.42,0.17,0.54
4.9,2.18,0.88
4.29,2.15,4.37
1.36,2.39,4.24
3.17,4.18,2.47
0.79,2.14,1.33
4.35,0.45,0.22
4.51,2.17,3.02
1.11,2.93,2.12
1.19,1.41,3.05
2.59,2.73,1.51
3.57,2.78,1.42
1.83,1.84,4.47
0.53,3.53,1.22
3.63,3.24,2.41
3.35,0.31,4.37
3.92,3.36,3.68
1.44,0.77,4.99
1.51,1.23,2.05
1.05,2.88,3.9
3.04,4.38,3.17
2.43,3.56,4.1
2.47,4.54,3.74
0.02,2.85,1.23
2.31,1.41,0.67
0.52,3.23,0.05
1.68,1.33,3.3
4.51,3.22,2.53
4.26,0.06,2.29
4.71,2.91,4.77
3.69,2.02,1.96
4.95,3.02,0.37
1.98,1.18,3.4
3.41,1.8,2.37
3.04,0.94,2.92
2.21,1.89,4.1
3.13,2.54,3.64
0.06,1.61,2.97
2.51,3.75,1.16
1.94,4.49,4.49
4.08,2.73,1.53
2.46,3.5,3.46
2.18,3.99,1.07
4.03,4.34,1.84
2.74,1.1,1.86
1.12,1.52,3.7
0.38,1.87,1.95
4.79,3.98,2.31
4.86,1.87,0.61
2.78,3.82,2.51
0.41,1.16,4.02
0.16,0,4.91
3.93,1.15,1.75
0.87,4.36,0.87
3.11,0.75,1.26
0.19,0.48,1.53
3.05,4.1,0.44
0.1,2.85,3.64
0.54,1.35,1.62
2.09,0.01,4.02
1.95,3.65,3.34
3.92,4.67,0.46
1.48,3.91,3.83
1.69,0.19,1.44
4.66,0.17,4.53
4.16,1.38,1.56
4.09,2.74,4.65
2.84,4.54,4.48
3.1,4.53,2.78
3.57,1.36,4.24
0.14,0.73,3.34
3.28,3.05,0.13
3.69,1.26,2.99
2.68,2.26,1.36
3.1,4.22,1.65
3.64,4.55,0.51
1.61,2.15,4.93
4.44,2.54,3.86
4.86,0.94,3.5
0.77,0.67,2.42
2.46,3.3,0.74
0.43,4.41,4.29
3.76,4.6,2.03
0.01,1,2.8
0.29,2.56,2.42
4.93,0.14,3.86
0.12,1.85,2.24
4.1,0.49,2.97
2.05,4.99,1.83
3.48,2.38,3.86
1.97,3.23,2.27
0.74,0.91,4.9
2.18,4.07,2.84
3.03,5,2.7
3.73,3.6,3.74
0.65,1.04,4
1.3,1.35,0.07
0.14,4.16,4.09
3.9,2.12,4.78
3.41,1.28,2.08
4.14,0.62,1.72
3.31,4.47,4.21
4.2,3.15,1.86
0.75,3.65,3.24
2.63,0.22,4.39
2.14,0.38,1.82
1.76,1.05,1.77
2.38,4.85,1.47
0.77,4.24,1.04
3.87,2.73,2.43
0.99,3.39,3.34
3.04,1.81,4.39
3.99,1.02,0.97
0.96,0.22,0.82
2.64,1.63,0.66
3.51,4.86,3.05
4.07,4.94,2.46
3.02,3.56,4.23
1.03,1.21,0.37
0.18,0.14,0.2
0.12,2.68,4.29
1.14,4.72,2.51
0.66,1.32,2.72
4.3,4.49,0.32
4.91,3.05,0.53
1.45,1.52,3.08
0.21,0.15,2.61
1.47,0.09,3.16
3.09,1.36,2.49
4.99,1.74,2.74
2.38,0.78,0.15
1.62,4.66,2.39
1.18,4.31,2.03
1.47,1.07,2.24
4.6,4.5,0.64
3.39,0.63,0.97
2.48,0.83,0.94
2.11,1.53,3.94
2.36,3.37,2.23
0.79,4.88,0.2
3.39,2.08,3.07
2.19,3.24,2.46
0.55,3.61,2.71
2.19,3.96,3.21
1.1,0.55,2.21
0.17,0.86,1.62
0.25,0.67,3.76
3.58,1.36,0.21
1.15,2.04,0.22
4.74,0.27,3.3
4.64,2.86,2.41
3.77,2.22,2.87
3.66,1.66,4.46
0.44,2.04,0.49
1.83,4.18,1
1.78,1.48,0.87
0.89,3.42,2.75
0.63,3.08,2.35
0.1,1.79,2.15
2.3,4.79,1.83
1.43,4.7,0.72
1.78,0.03,4.54
1.58,0.34,1.56
3.42,4.17,0.15
3.5,3.27,4.88
0.76,3.14,1.91
0.91,0.21,0.67
3.51,3.72,3.15
1.96,1.82,4.84
4.49,4.31,1.26
1.57,0.02,1.64
1.59,3.22,3.25
4,2.93,0.49
2.3,1.09,1.02
1.57,3.02,2.57
4.52,0.98,4.91
1.65,0.05,2.3
0.09,0.72,3.71
1.14,1.22,3.74
0.89,3.25,1.22
1.09,1.29,1.29
3.04,0.35,0.68
3.99,2.56,3.36
0.02,3.71,4.02
4.16,1.87,2.68
0.05,2.34,1.76
1.45,1.64,3.52
1.36,4.25,4.27
3.73,0.43,0.69
3.88,0.86,1.43
0.64,3.71,1.17
2.24,1.96,2.93
1.85,1.33,3.56
0.32,3.34,4.38
0.06,0.15,2.41
2.47,0.55,1.73
4.3,0.22,0.47
3.84,0.39,1.33
0.25,2.09,4.33
1.58,4.26,0.94
3.68,4.37,1.28
4.11,3.32,0.47
2.63,4.04,1.7
2.47,2.27,2.02
0.76,0.65,3.77
3.75,3.38,2.18
2.46,2.99,4.33
3.36,1.53,0.4
2.37,3.91,3.05
4.31,1.78,3.56
2.18,0.43,1.89
2.8,0.3,4.33
3.47,3.34,3.06
1.29,3.03,4.91
3.67,1.07,0.35
1.04,1.77,4.36
2.37,4.91,1.73
0.37,1.75,2.07
0.05,4.49,4.02
4.41,4.49,0.3
0.32,3.39,4.74
2.19,3.1,0.64
3.04,2.31,3.59
2.98,4.72,0.44
2.2,4.61,0.8
4.56,4.76,2.54
3.53,3.26,3.5
1.97,2.99,3.31
4.63,4.62,4.94
4.04,2.23,2.3
3.79,0.69,4.75
0.78,3.97,0.97
3.22,3.03,1.47
1.86,3.12,3.1
1.39,0.42,3.73
2.8,1.03,4.62
3.52,4.62,2.6
1.42,2.92,4.69
0.38,3.43,2.86
4.25,4.74,0.36
1.83,0.57,3.52
2.7,2.3,3.01
0.26,0.67,2.76
3.63,1.84,1.56
1.96,2.9,0.44
3.08,4.69,2.82
2.81,4.47,0.93
4.19,0.37,4.31
3.93,2.78,1.21
4.4,3.58,0.53
2.07,3.57,1.82
2.31,0.59,3.51
4.57,4.25,3.79
4.03,3.36,4.46
2.24,0.72,3.02
4.02,2.18,2.72
2.15,1.02,4.05
1.58,4.17,1.95
0.29,3.8,1.58
1.95,1.16,0.75
1.56,3.43,2.15
4.17,0.48,1.08
3.84,3.48,1.04
0.76,3.96,1.92
2.79,3.08,3.6
3.19,1.18,1.31
2.02,1.64,4.58
4.66,3.49,0.89
2.89,2.7,0.64
1.37,0.22,4.99
3.37,0.55,3.32
0.55,3,1.06
3.66,3.36,4.36
0.73,2.44,1.14
1.52,0.07,1.01
0.17,3.52,0.38
1.07,4.71,3.71
4.97,1.37,3.88
0.37,3.82,2.76
3.19,4.29,1.3
0.62,4.16,2.41
0.76,3.67,2.33
4.96,0.59,4.56
3.75,2.11,3.01
1.99,3.64,0.72
4.28,4.01,0.1
0.41,0.76,2.03
1.29,1.82,1.62
0.75,4.39,3.29
1.27,0.67,2.98
2.42,3.2,3.86
1.17,3.09,2.57
3.63,4.46,0.31
2.38,3.5,3.55
1.18,1.64,1.26
4.63,2.24,2.63
1.88,1.14,3
1.35,3.63,1.9
2.26,0.56,1.76
1.96,4.28,0.12
1.96,1.14,3.22
1.3,1.06,2.34
2.13,2.59,2.98
2,4.38,1.93
3.78,4.74,1.14
3.95,3.35,1.66
0.28,0.93,2.86
4.88,0.6,3.23
0.3,4.28,4.91
3.93,2.81,4.54
0.76,3.5,0.36
1.55,1.26,2.21
4.27,3.71,4.67
0.32,1.48,1.23
0.08,4.08,4.22
0.47,3.12,3.08
3.55,1.34,1.93
4.34,0.44,3.52
4.87,5,3.81
1.93,0.16,1.71
4.75,2.52,3.45
4.88,1.12,4.76
3.54,1.37,4.83
2.86,1.15,1.98
1.84,2.51,1.55
2.57,4.57,1.11
1.33,3.6,0.21
3.6,4.22,2.45
1.92,4.65,0.67
2.59,3.02,4.53
3.76,0.4,2.67
4.94,3.42,0.14
4.42,0.75,4
1.7,3.09,1.24
3.85,2.56,0.45
3.05,4.63,1.91
0.5,4.3,3.81
2.21,4.77,2.07
1.19,0.32,4.91
0.83,1.31,4.49
1.96,3.57,0.96
0.08,4.86,1.22
1.09,3.63,1
1.21,1.47,4.82
3.99,0.3,4.58
4.1,1.58,2.79
3.58,1.5,0.33
4.29,3.66,4.18
1.22,2.28,3.94
4.59,3.41,0.93
0.14,4.27,2.8
0.91,0.09,2.4
0.62,1.03,0.06
3.24,4.87,2.63
3.78,4.55,0.85
3.82,2.5,1.01
1.33,1.27,3.93
1.77,1.95,1.26
3.69,4.95,4.48
2.8,3.1,2.82
0.43,0.66,2.64
2.77,3.73,0.01
1.75,3.7,4.9
4.83,1.11,4.05
2.28,0.15,3
2.37,4.91,0.53
4.25,2.15,2.01
3.6,3.48,1.6
3.51,3.96,1.36
4.2,1.82,3.74
0.18,2.1,2.8
1.46,3.18,1.11
2.22,3.73,4.35
1.27,2.97,0.57
3.61,0.94,1.76
2.06,1.91,1.58
4.28,2.85,4.35
2.12,3.47,0.27
2.03,4.2,4.99
3.47,3.34,2.86
0.5,2.55,2.9
2.23,0.52,3.32
1.63,4.11,3.04
4.32,2.33,0.08
4.22,2.18,4.22
4.8,1.11,3.77
0.74,4.97,2.03
3.07,3.69,1.62
4.2,4.05,2
1.22,0.08,2.7
2.97,0.26,0.23
4.09,3.43,2.24
2.4,0.95,0.84
0.64,2.73,1.44
3.07,2.97,3.38
1.26,3.18,2.77
2.94,0.36,4.65
1.2,4.05,3.48
4.29,3.43,1.53
0.32,3.93,2.58
2.42,0.49,2.84
0.54,2.77,4.69
0.22,2.82,3.38
2.94,3.29,2.42
3.28,2.15,1.45
4.13,1.04,1.12
1.72,1,0.05
3.23,3.26,0.32
2.27,4.47,2.27
2.17,4.35,1.44
2.47,4.81,3.28
0.47,3.63,2.16
1.39,2.11,3.44
1.52,3.12,1.3
4.66,4.65,2.29
2.96,4.33,1.71
3.55,1.51,0.11
3.73,0.9,2.24
4.47,4.01,3.12
4.75,0.13,1.34
4.01,4.63,0.73
1.66,3.13,1.47
1.57,4.57,4.46
4.03,3.21,1.76
3.8,0.52,4.32
0.29,1.75,4.88
4.63,3.73,4.19
3.19,0.38,1.95
1.87,3.57,2.04
1.03,4.19,0.75
0.77,4.11,4.24
2.67,2.24,4.98
2.76,2.01,2.79
0.42,0.09,0.21
1.6,0.81,1.77
2.82,0.83,1.63
0.64,3.67,1.7
3.61,0.39,4.02
0.03,4.39,4.46
4.62,0.98,2.45
1.6,1.33,0.17
1.23,3.24,3.64
1.49,0.85,3.97
3.52,4.18,2.7
0.53,2.26,2.21
4.97,0.9,0.28
4.03,3.11,3.13
1.46,2.99,3.81
1.94,3.17,2.65
0.17,4,2.45
0.17,3.04,2.79
0.35,3.53,2.33
1.83,3.85,0.48
0.66,2.71,1.02
4.44,2.24,3.31
2.15,3.93,1.86
1.14,3.52,2.38
1.64,2.34,3.25
0.98,2.08,4.65
2.82,3.98,3.44
1.11,4.99,2.67
4.8,3.09,3.09
0.74,4.46,3.13
0.64,4.69,4.97
1.85,3.91,3.63
0.45,2.93,2.63
4.98,4.3,0.3
4.84,4.79,2.02
3.03,3.92,3.14
4.95,4.25,1.37
0.04,4.14,4.02
4.74,3.41,1.44
0.41,0.45,3.03
0.83,4.55,1.53
2.16,3.26,0.42
2.31,4.11,2.58
0.15,2.38,1.83
2.75,3.89,1.69
1.56,1.3,2.38
1.4,1.92,2.08
3.21,2.14,3.19
0.3,1.62,1.97
0.23,4.29,1.22
4.35,4.01,2.98
2.64,0.02,0.61
2.61,4.39,1.87
3.25,1.92,3
1.92,1.13,4.44
2.83,2.27,3.97
0.63,2.81,4.1
0.8,1.14,4.16
1.25,3.04,4.79
3.58,2.53,1.25
4.96,1.43,3.18
0.13,3.5,3.98
1.03,1.67,0.73
2.07,3.29,2.21
1.4,1.08,2.34
3.7,3.87,3.06
2.64,2.56,1.2
2.42,3.95,0.66
0.64,3.8,4.65
1.77,4.56,0.72
2.4,4.8,4.64
4.47,3.39,0.96
3.65,3.98,4.98
3.31,2.98,4.49
2.05,4.7,2.38
2.58,1.51,1.09
2.89,0.83,3.85
1.51,1.06,4.3
0.74,4.57,4.6
1.15,4.29,0.26
4.27,3.45,4.22
0.91,2.96,4.44
2.31,2.9,0.09
1.2,4.76,2.78
3.29,3.44,1.89
4.21,2.1,0.99
4.82,2.09,4.17
0.61,1.46,2.53
0.59,4.04,2.9
3.77,4.03,2.74
1.25,0.19,1.17
2.72,0.63,0.02
1.34,2.46,1.64
4.75,4.91,2.3
2.1,2.5,2.95
4.83,2.17,2.69
2.97,0.64,2.69
1.56,1.86,1.19
4.26,2.59,4.93
2.48,4.85,4.77
1.46,3.23,3.1
0.92,1.68,1.94
3.03,0.84,3.44
4.3,2.96,1.69
2.63,0.08,4.52
0.57,4.81,1.65
2.06,4.98,0.59
2.73,0.44,3.02
0.18,2.65,2.78
2.67,0.13,1.33
1.3,0.47,4.44
0.79,3.93,0.66
3.06,3.15,2.58
3.54,2.81,3.1
3.07,3.79,0.19
1.61,0.17,4.87
2.97,0.79,1.4
0.91,1.02,1.46
1.73,4.78,0.44
4.64,2.91,1.26
1.44,4.02,4.25
0.46,0.63,1.77
1.98,4.38,3.27
2.29,1.59,4.84
4.78,4.06,4.1
0.81,4.52,3.5
3.82,4.06,1.77
4.01,1.63,4.38
1.24,0.21,0.28
4.09,0.67,0.24
0.9,4.04,2.4
0.22,2.04,2.04
4.98,3.79,0.74
2.6,1.23,1.88
1.6,3.7,0.88
2.7,4.88,0.6
1.66,4.57,3.85
3.78,3.59,0.71
0.49,3.03,2.56
1.83,4.03,0.41
3.24,1.65,2.5
0.48,0.2,4.85
3.56,4.21,0.78
2.25,3.31,4.98
0.34,1.01,3.76
2.86,2.14,2.23
4.54,0.55,2.22
3.9,2.04,0.36
2.13,4.97,4.26
0.99,2.72,0.56
1.1,3.74,1.56
0.62,3.76,1.14
0.92,1.6,1.83
3.01,4.52,3.73
1.5,1.58,3.12
1.36,2.95,0.54
3.7,3.62,2.7
1.24,3.79,4.03
5,0.42,4.19
1.43,4.81,4.24
4.46,1.58,4.05
1.03,1.8,4.85
2.53,0.88,1.71
3.9,0.23,4.82
2.22,3.17,2.84
2.91,3.5,0.9
3.32,1.61,1.46
3.08,1.29,1.51
4.43,3.26,4.16
3.24,0.3,2.96
2.55,2.43,4.39
1.61,1.61,0.15
2.56,3.74,2.16
0.11,4.48,4.2
0.86,3.25,4.36
1.38,2.9,4.87
2.83,3.58,2.1
3.06,2.93,1.41
3.17,1.6,4.34
0.49,2.58,4.89
4.05,0.99,0.94
3.19,3.99,1.03
2.8,4.8,2.72
4.47,4.31,3.84
0.38,1.52,1.92
1.28,2.35,1.32
2.5,2.43,2.29
4.49,1.12,0.46
0.7,3.96,0.73
0.04,1.53,2.68
4.25,2.41,4.92
3.38,3.09,2.65
4.71,1.56,4.46
1.32,3.21,4.23
4.56,4.87,4.92
3.25,3.5,2.59
4.77,0.57,0.79
3.39,0.11,2.44
4.51,2.75,2.86
0.8,3.11,0.68
1.6,4.25,2.15
1.1,4.37,2.63
2.33,4.38,4.11
0.81,4.55,4.14
4.3,1.33,0.4
2.09,1.79,0.43
1.24,3.21,2.43
4.69,0.31,0.61
4.06,4.3,1.77
3.48,1.41,1.39
3.33,3.33,3.85
0.55,3.47,3.38
4.97,1.06,2.07
1.75,1.67,2.12
2.6,4.46,1.88
4.19,1.16,4.59
1.79,4.64,0.55
4.15,1.12,3.6
3.29,2.51,1.85
1.89,4.54,4.01
4.41,0.83,4.82
2.77,4.14,1.89
2.45,1.38,0.43
4.64,3.25,4.73
3.81,2.03,1.97
1.86,3.4,1.07
0.72,0.17,4.58
3.45,3.36,3.8
1.85,3.11,2.75
3.24,0.23,0.88
3.76,1.87,0.07
3.68,1.61,0.26
3.29,1.46,3.24
2.66,1.65,3.16
4.33,4.95,4.72
4.02,2.17,2.76
0.22,3.25,2.69
0.18,3.56,1.77
0.34,2.9,4.88
0.73,0.59,0.32
4.36,3.72,2.34
2.07,3.79,1.4
1.31,0.79,3.47
1.12,1.51,3.2
4.11,2.05,0.7
3.88,3.07,3.61
0.5,4.96,3.35
3.45,3.79,1.39
0.11,0.69,0.74
4.91,1.02,0.35
4.17,2.82,0.15
2.06,2.63,0.37
3.94,4.52,2.59
2.06,4.24,3.28
1.76,3.94,0.65
0.98,3.2,3.27
1.78,1.2,0.77
0.87,4.71,4.21
2.62,0.91,1.07
2.24,2.4,3.3
3.32,4.68,0.16
3.16,2.87,4.71
4.86,3.43,4
2.44,4.86,4.41
0.94,3.26,4.04
3.52,3.77,1.35
2.31,1.95,1.03
4.82,3.77,0.41
1.12,1.7,2.61
1.32,1.04,1.05
3.01,2.63,2.03
4.26,2.34,2.31
4.96,2.52,3.54
1.42,2.93,1.14
2.16,1.69,1.14
3.19,3.99,4.3
0.38,3.15,0.83
4.88,1.82,0.79
2.43,0.45,0.61
1.01,0.83,0.46
0.69,3.67,1.27
4.17,2.81,1.9
4.43,0.47,0.31
3.93,3.45,3.82
1.92,1.84,4.79
1.6,3.49,0.21
2.21,0.92,3.2
2.57,2.14,4.64
0.33,4.76,2
2.99,3.99,0.75
4.93,3.11,1.82
1.19,2.18,2.39
2.07,1.05,4.1
1.94,1.53,3.16
2.28,0.91,4.77
0.23,3.11,2.29
2.18,1.71,0.03
1.2,3.11,5
1.96,2.26,1.94
1.64,4.76,2.52
2.1,2.31,3.5
3.45,3.16,2.16
2.07,4.64,4.79
4.17,0.77,3.96
1.3,1.51,3.86
4.44,2.21,1.52
4.98,0.46,1.48
2.87,4.59,1.02
4.68,2.7,1.27
1.29,3.8,2.32
4.22,2.69,1.73
1.94,3.51,3.48
4.16,1.8,3.05
1.46,3.2,0.86
0.51,4.17,0.38
3.7,4.52,2.93
1.36,4.76,4.17
1.49,3.78,4.06
3.71,0.17,1.21
2.37,0.03,1.39
3.16,0.5,4.67
1,4.38,0.14
4.58,1.18,4.55
4.76,3.54,3.49
1.64,4.81,4.02
2.33,3.16,4.06
4.74,2.76,0.45
0.99,4.45,2.75
1.16,0.44,1.5
2.89,0.65,3.31
1.2,3.07,0.92
0.6,0.74,1.82
1.01,2.62,0.07
3.13,3.85,3.24
4.98,2.03,4.44
3.01,2.88,3.49
0.11,1.07,0.16
1.5,0.53,2.82
4.4,2.77,2.87
4.35,2.2,3.72
4.63,4.14,1.11
1.04,2.48,0.95
4.56,4.71,4.52
2.76,4.22,4.97
0.9,1.35,4.4
2.34,0.25,0.6
3.21,3.44,3.46
1.12,0.34,0.23
3.23,0.6,3.36
4.64,4.35,3.83
3.12,2.04,0.58
0.32,0.07,1
0.86,0.36,3.2
4.36,3.78,4.56
3.17,1.98,1.16
0.49,1.58,1.66
3.7,1.32,3.35
3.1,1.85,3.49
1.66,0.86,0.75
2.04,3.29,3.86
2.62,3.27,4.21
0.84,4.13,3.82
1.82,3.4,0.17
2.51,2.06,2.97
4.25,2.12,1.74
3.28,2.09,3.36
1.89,3.07,0.13
3.33,2.3,2.55
4.1,4.14,2.98
1.57,1.54,0.29
1.93,0.1,4.13
3.5,1.89,1.24
2.36,0.05,3.8
0.95,1.11,2.89
1.46,2.8,4.84
4.58,1.31,4.13
2.55,4.72,3.06
4.12,2.29,4.41
1.29,3.58,4
4.54,1.89,2.27
1.89,2.25,4.09
4.48,4.2,1.7
4.36,2.83,4.25
4.35,0.21,2.57
0.35,0.76,0.16
1.03,1.92,4.59
4.01,1.55,1.66
2.35,3.36,0.37
3.18,1.87,0.44
1.97,1.54,3.13
2.46,3.74,0.84
4.78,0.03,3.32
0.37,0.05,3.77
1.15,4.48,4.18
1.33,4.49,4.57
1.63,4.99,1.62
2.57,3.73,2
2.68,4.42,5
0.05,3.44,0.62
2.33,2.48,2.57
1.13,0.27,2.49
1.93,0.64,1.72
1.2,1.49,2.84
0.17,4.18,2.51
0.48,0.44,0.27
3.37,4.64,3.95
1.73,0.43,2.38
1.54,3.36,4.44
3.02,2.72,3.33
0.23,3.02,4.89
2.73,1.55,3
4.63,3.01,3.22
0.72,1.33,3.88
0.19,0.71,2.23
4.71,0.04,3.92
4.29,2.06,2.44
1.74,1.14,0.88
2.53,3.43,0.16
3.95,0.08,4.57
0.62,1.58,3.76
0.13,2.51,4.07
0.55,4.38,3.29
4.29,1.55,1.01
0.98,4.47,0.69
0.99,2.92,4.65
2.95,0.08,2.59
4.98,4.48,0.24
3.55,4.46,4.56
2.51,4.46,4.53
0.68,2.09,0.22
1.26,3.94,0.48
4.3,2.57,0.33
4.36,4.39,4.27
4.96,4.67,0.98
0.47,3.68,3.05
0.36,0.21,0.44
2.33,4.43,2.03
2.92,0.01,2.14
4.91,3.93,3.27
0.28,2.61,1.46
3.85,1.6,1.99
4.35,3.54,2.73
1.8,3.82,4.26
0.42,2.58,1.2
3.92,0.23,4.46
3.63,2.05,0.93
1.45,1.16,0.1
1.64,4.05,0.75
1.66,4.14,3.36
4.12,3.22,4.81
0.78,1.39,4.86
3.7,3.87,0.56
1.1,1.66,3.59
3.81,0.72,4.51
4.39,0.39,1.87
2.89,4.65,2.76
0.82,1.97,0.92
3.81,3.45,3.5
1.61,1.77,1.39
0.93,4.86,4.04
4.89,0.05,1.93
3.36,1.36,3.51
3.19,2.49,1.23
4.67,1.11,2.25
0.72,1.17,3.96
2.17,0.3,0.48
1.03,3.65,2.17
3.38,0.2,4.19
3.41,1.07,1.53
0.84,4.07,3.91
0.9,4.4,3.54
0.44,1.69,4.64
1.74,0.9,3.9
0.92,4.3,1.06
3.76,1.92,0.49
2.83,0.39,3.4
0.06,1.28,2.3
3.82,3.07,1.54
4.81,2.55,0.77
1.62,1.77,3.59
3.66,1.76,1.81
1.28,3.24,4.28
0.85,4.28,4.47
4.57,0.64,3.34
3.76,3.25,2.24
2.65,1.54,2.52
1,0.95,1.97
1.07,0.74,2.59
1.17,2.52,0.75
3.91,4.98,0.43
0.95,4.33,3.97
3.11,4.53,3.26
0.29,2.28,4.08
0.18,1.79,0.01
2.62,0.33,1.76
1.06,1.08,3.45
4.67,0.91,2.16
4.49,4.4,4.53
1.16,4.99,1.33
4.36,3.74,4.54
4.81,3.88,4.82
1.47,0.41,2.46
3.52,1.1,4.8
2.16,4.29,3.91
0.82,3.38,2.17
1.18,4.49,2.19
3.44,1.48,0.63
2.12,3.33,0.83
1.13,0.91,3.01
0.49,2.18,3.82
0.03,2.38,0.79
2.11,2.79,3.07
3.91,0.39,4.91
3.97,0.32,1.4
0.78,2.71,1.92
0.65,4.14,1.84
5,0.81,3.84
3.7,3.77,3.44
3.45,2.13,2.93
3.04,2.76,1.47
0.22,2.5,4.39
1.26,0.16,3.83
3.76,4.63,0.53
3.65,0.43,3.11
4.75,3.32,3.04
3.78,0.77,5
1.34,0.63,1.92
4.53,1.68,3.19
1.29,3.69,3.1
2.68,1.36,3.94
4.75,3.92,4.32
1.73,3.37,2.27
0.64,0.92,2.27
0.5,2.39,3.59
1.58,1.02,4.52
2.98,4.34,4.04
1.12,4.34,1.54
3.98,4.42,4.65
1.14,4.81,3.47
0.78,2.71,2.82
3.12,4.97,3.54
1.71,2.84,4.88
2.24,2.16,3.48
2.37,3.17,0.77
2.67,3.58,2.52
3.85,2.17,1.82
4.56,1.56,3.48
4.84,3.84,3.57
1.05,3.81,4.93
4.5,1.35,1.75
0.89,3.91,1.17
1.2,0.08,3.5
1.58,3.44,3.94
4.08,1.95,4.2
0.3,0.99,0.7
0.39,4.18,0.98
0.79,1.49,1.48
1.31,1.48,2.99
0.04,1.71,4.04
0.23,4.03,0.66
4.47,3.81,4.26
1.87,2.99,3.85
1.84,4.05,2.83
2.65,4.18,2.42
0.42,4.82,0.04
3.7,3.11,4.38
1.83,3.91,3.63
2.05,3.73,1.64
3.97,0.45,2.95
2.69,4.63,1.13
0.73,0.74,3.02
1.55,1.83,3.39
4.2,1.2,4.46
2.7,4.72,0.31
3.46,3.31,3.2
0.07,3.73,0.62
4.19,1.88,1.2
2.49,2.98,0.02
4.18,2.62,3.47
1.71,0.64,2.84
1.45,3.45,4.27
2.88,3.14,3.93
1.3,0.51,1.25
4.9,3.83,4.99
3.62,2.42,3.06
3.47,3.96,3.79
4.95,1.47,4.83
4.35,1.99,1.15
1.83,3.82,1.16
1.31,3.6,2.11
2.75,1.85,1.19
3.69,4.99,3.98
1.61,1.96,1.31
4.45,3.24,1.27
4.03,2.17,0.82
3.22,2.6,4.13
0.48,2.51,3.87
3.75,4.18,1.41
4.93,4.7,1.18
2.8,1.21,2.73
0.56,1.19,0.57
1.94,4.68,1.98
1.17,2.27,1.47
1.19,0.76,3.16
3.88,3.42,0.01
0.32,0.5,1.85
0.14,1.79,3.83
0.74,1.07,3.3
1.13,1.56,4.96
1.44,1.71,2.13
0.22,4.65,4.62
2.07,4.61,4.18
1.07,0.93,2.44
4.51,1.79,1.01
1.8,0.26,0.41
0.59,1.44,0.28
1.36,1.97,1.04
0.26,4.21,2.91
2.68,1.27,0.04
1.64,4.76,2.79
1.61,3.42,4.77
1.12,0.36,3.29
2.54,2.06,4.11
4.61,0.14,1.26
2.9,1.36,4.28
4.55,2.49,1.07
0.65,1.96,3.18
0.43,2.76,0.49
0.17,3.79,2.79
4.47,3.37,2.94
3.76,1.23,2.7
1.33,4.12,3.37
4.03,4.39,2.27
3.78,2.06,3.13
0.02,4.22,0.75
3.73,0.78,3.75
3.48,3.81,2.36
2.25,1.47,2.55
0.79,4.29,1.36
4.08,0.6,4.88
1.13,3.2,2.81
0.84,1.38,4.63
4.28,1.1,3.96
1.23,4.5,0.08
2.08,1.62,1.79
0.65,1.38,4.13
2.85,1.83,1.97
1.97,2.01,3.62
3.6,3.57,3.06
3.94,3.66,4.73
2.09,1.41,0.28
0.02,0.48,2.16
0.33,4.39,3.55
3.9,1.01,3.91
4.54,0.26,1.57
0.97,3.28,2.44
2.91,3.67,0.18
0.79,3.23,2.29
1.64,0.84,2.23
2.58,0.37,2.5
3.16,3.05,0.07
4.03,1.06,4.99
4.39,2.81,3.16
1.64,0.08,3.4
4.81,2.4,4.63
1.46,0.01,4.39
0.49,3.32,0.7
1.5,3.59,0.06
4.3,3.11,1.62
0.33,1.08,1.84
2.18,3.2,0.56
1.72,3.93,4.91
1.21,1.74,0.98
1.23,2.79,2.34
0.11,4.5,1.94
1.48,0.19,4.73
3.01,2.79,1.7
0.17,3.53,1.81
0.8,1.5,3.05
4.71,4.61,3.36
0.84,1.16,0.56
0.53,1.09,0.99
3.98,4.72,3.54
4.12,0.83,1.74
0.74,2.36,3.42
3.46,3.02,4.17
2.01,4.19,4.3
2.9,4.2,1.38
1.06,0.11,0.67
4.49,0.11,0.33
3.37,3.68,2.12
0.12,3.76,4.79
0.26,1.92,2.07
2.03,0.22,2.47
3.7,3.48,1.66
2.46,0.59,0.89
2.67,3.03,4.48
4.37,0.01,0.4
4.49,1.21,2.1
4.91,2.82,3.71
4.09,1.76,1.78
3.46,4.34,1.9
0.2,3.45,0.67
3.59,2.72,3.64
4.3,0.21,0.46
3.65,3.3,0.97
1.4,4.36,1.55
4.34,2.11,2.96
3.36,4.37,0.13
2.15,2.25,1.3
2.61,2,3.24
4.44,0.7,3.1
4.27,3.6,2.97
4.81,3.74,2.47
4.05,4.98,2.55
3.94,4.43,4.01
0.42,4.92,1.16
4.6,3.76,0.29
1.67,4.92,0.9
1.28,4.53,4.64
0.4,0.39,0.18
4.61,0.35,2
1.64,2.33,2
4.28,1.54,2.8
2.94,4.2,1.36
4.99,0,0.95
4.45,1.36,0.72
2.22,2.98,3.05
2.17,4.67,2.42
3.67,1.21,0.81
4.68,2.83,2.5
1.69,4.65,3.41
2.16,4.4,2.38
4.83,0.11,2.88
0.14,1,3.91
4.02,1.68,2.41
0.62,0.58,4.54
2.04,1.18,1.4
3.51,2.93,1.63
0.39,4.13,1.01
1.92,4.82,0.95
1.78,0.99,0.65
4.26,3.16,4.25
3.24,1.94,1.67
2.59,4.33,3.77
4.45,1.69,0.95
2.11,1.43,4.28
2.37,1.62,3.47
3.47,4.58,2.65
1.34,4.13,1.9
4.59,4.7,2.96
3.81,2.17,4.12
1.09,4.7,4.75
1.14,1.29,1.22
2.28,0.32,4.47
3.99,0.5,3.17
1.4,0.61,1.2
2.98,0.98,2.24
3.93,2.66,0.49
2.35,3.08,2.12
3.69,4.11,4.92
2.09,1.47,2.49
0.55,2.59,0.31
1.82,1.01,0.45
1.29,4.41,2.52
3.77,3.69,2.12
3.26,1.14,0.13
2.44,1.99,1.19
0.56,4.93,2.06
3.1,4.6,3.06
2.68,1.26,2.72
3.5,3.16,2.75
3.61,2.11,1.61
4.76,3.48,3.98
0.76,0,4.17
4.63,4.23,2.93
3.83,0.16,0.62
2.82,3.9,3.93
0.74,0.97,3.17
0.4,2.42,3.7
0.51,4.01,1.66
1.36,4.26,0.26
2.57,3.44,2.25
3.61,2.33,1.32
0.48,3.08,4.82
2.75,1.4,0.88
4.47,1.21,0.77
0.14,2.46,1.46
2,1.89,4.2
3.06,4.48,0.65
4.45,1.96,0.64
0.22,2.25,4.81
3.71,2.54,1
2.8,0.84,0.15
0.37,0.7,0.13
4.58,0.25,3.15
4.32,0.06,4.88
1.21,3.86,3.97
0.94,1.93,1.32
4.57,0.59,0.08
1.63,0.52,3.2
1.65,0.9,1.83
2.62,1.1,3.55
0.29,3.48,1.4
1.05,1.68,0.02
3.74,4.52,4.97
2.66,0.62,0.59
4.28,0.89,0.53
2.48,1.9,3.9
0.98,4.22,0.7
4.49,3.55,4.36
2.28,4.74,0.25
4.58,3.24,1.68
0.7,3.84,4.51
0.62,2.7,3.04
3.63,1.81,4.12
0.82,2.41,0.05
3.7,3.26,2.58
3.1,0.62,4.24
1.6,1.42,1.98
3.23,2.32,2.16
2.09,3.41,2.35
3.25,2.43,4.17
4.78,4.55,3.49
3.1,3.02,1.85
2.24,0.55,4.46
4.61,1.79,3.25
3.32,4.89,4.93
1.76,4.12,4.07
2.04,4.38,4.25
1.13,2.05,1.95
2.6,0.39,3.19
0.34,0.16,3.22
3.81,4.81,0.71
2.89,4.24,3.07
1.2,3.35,1.31
3.49,4.65,4.83
4.71,1.92,1.76
0.33,3.42,3.85
1.64,1.41,3.78
0.31,4.29,3.8
3.2,2.99,4.91
0.68,3.76,2.29
2.9,1.39,3.1
1.08,0.24,4.94
3.16,3.17,4.95
3.26,3.5,3.08
2.8,0.13,3.4
3.46,1.56,2.12
2.28,0.7,3.49
2.63,0.36,4.7
3.44,0.45,1.37
4.22,4.64,1.46
0.43,4.16,1.73
4.6,3.64,2.38
2.62,3.77,1.69
3.42,3.82,2.07
2.84,0.78,4.56
4.53,0.08,1.34
3.98,0.66,0.44
3.55,2.07,4.59
4.34,2.6,4.65
1.03,4.32,1.12
3.76,0.74,2.87
4.16,1.92,0.71
2.34,3.57,1.97
5,1.07,0.94
0.48,0.47,3.7
3.46,0.77,2.33
3.7,4.14,1.96
4.04,4.85,2.14
3.19,3.85,3.3
3.73,1.1,3.2
0.37,4.17,3.36
0.72,4.81,0.65
3.1,4.63,3.67
4.58,0.96,2.18
4.62,0.9,3.66
1.04,3.4,2.04
0.2,2.82,2.45
2.34,3.31,2.29
0.61,0.26,1.3
4.21,2.1,2.6
1.27,1.96,1.39
1.3,4.46,0.94
2.63,4.43,0.59
0.13,0.76,3.41
0.81,4.17,2.34
2.23,1,3.21
3.25,3.7,2.12
1.37,0.5,3.48
4.06,0.19,4.85
2.44,3.11,1.92
3.1,3.29,1.32
2.55,1.97,2.17
4.62,2.17,1.2
3.76,4.27,2.34
4.69,1.98,4.27
4.75,2,3.77
3.77,0.13,4.74
2.28,4.78,1.89
2.2,4.86,0.56
4.31,1.64,0.57
2.81,1.38,4.17
1.6,0.28,3.4
4.93,3.22,3.78
3.93,1.98,2.24
3.99,4.72,2
4.64,0.44,3.49
0.69,3.97,3.8
1.3,2.39,4.81
1.39,1.04,1.55
3.78,0.72,4.45
2.24,4.77,2.37
4.71,1.29,0.42
4.41,3.88,3.78
3.42,3.57,1.75
0.39,1.23,1.75
4.08,1.19,3.09
4.6,4.72,1.82
3.59,2.87,2.7
2.08,2.15,1.51
1.09,1.3,4.28
1.46,1.07,3.67
3.05,3.28,0.46
1.14,3.45,0.96
1.74,4.49,1.39
0.33,0.74,0.62
2.1,2.81,0.19
1.03,0.13,1.13
2.13,4.78,1.45
3.82,3.23,1.58
1.76,1.99,3.26
1.03,1.51,4.41
1.83,4.89,4.38
2.87,2.83,2.88
3.76,2.49,1.53
3.83,0.83,2.9
1.7,2.02,0.68
4.99,3.18,0.65
3.36,4.02,3.86
4.6,0.27,2.69
4.54,2.02,0.63
2.9,1.67,4.45
4.97,3.23,1.04
4.06,3.9,4.3
3.94,3.82,4.16
2.2,4.24,0.05
2.51,3.6,1.28
4.21,0.06,0.31
2.49,1.76,1.11
2.13,4.6,1.85
1.49,2.57,0.69
4.04,1.98,2.03
2.66,1.35,3.25
2.92,3.86,0.36
1.65,3.39,0.35
0.86,4.54,2.44
4.01,4.37,4.99
1.96,3.63,1.71
1.46,0.93,1.82
2.49,4.63,0.07
1.58,2.73,4.69
2.11,0.49,4.55
4.62,0.38,1.85
1.79,2.84,4.61
2.84,3.64,1.15
0.75,1.56,3.96
1.52,0.94,0.21
3.59,3.97,4.79
1.89,3.3,0.53
0.77,3.61,1.92
1.69,3.56,0.06
3.71,0.05,1.71
3.01,4.83,3.11
1.29,4.24,4.48
3.18,3.9,2.95
4.6,2.64,4.2
2.32,1.37,2.35
1.92,3.8,3.48
0.57,1.16,1.25
1.69,4.05,2.04
2.16,2.05,0.15
4.97,4.54,0.52
0.85,0.88,1.7
4.67,3.19,1.86
1.3,1.73,3.33
1.58,2.39,1.61
2.62,1.64,4.84
4.9,1.95,3.25
4.07,3.29,0.22
4.38,3.34,1.78
2.18,4.46,1.2
3.76,0.91,3.57
4.87,1.24,1.02
0.49,1.81,0.86
3.76,3.98,0.61
3.77,2.51,4.95
2.14,2.86,0.83
0,1.11,1.06
2.81,1.97,4.95
4.32,1.84,0.36
2.4,2.04,0.63
0.04,0.09,1.22
1.9,4.66,2.75
2.03,3.16,5
4.28,1.53,3.77
0.85,2.49,0.26
4.6,3.41,3.28
3.86,4.33,2.83
0.6,3.64,4.67
2.39,2.52,0.65
2.35,1.27,3.24
3.88,4.59,0.95
2.51,4.8,2.76
0.5,4.4,1.76
3.51,4.71,2.98
2.24,4.9,2.02
4.99,4.17,4.39
1.73,0.77,2.98
2.7,0.67,0.82
3.33,1.5,1.72
1.28,3.25,2.16
4.76,0.23,1.28
1.42,3.01,0.79
4.96,3.14,0.52
3.3,0.58,3.98
2.35,1.79,3.22
0.41,2.35,2.59
4.1,1.5,4.15
3.31,4.5,2.44
0.1,3.5,0.18
1.47,1.02,4.12
1,4.32,0.29
4.74,0.34,0.11
0.48,3.48,4.59
0.65,3.86,2.87
0.22,3.68,1.19
4.6,3.79,2.37
3.99,1.5,0.59
0.02,0.08,0.67
3.16,3.14,4.68
3.35,4.55,0.74
3.03,4.22,1.97
0.09,0.01,3.85
3.43,1.58,2.22
2.02,0.77,2.03
1.38,1.1,0.73
1.02,4.32,0.14
1.98,1.87,3.34
0.49,4.59,3.45
0.6,2.86,2.02
0.83,3.75,2.58
4.06,3.59,2.95
0.89,3.93,1.33
3.45,3.71,1.98
4.86,4.73,4.75
1.35,4.22,3.26
0.98,2.7,4.24
4.38,0.27,1.56
3.95,1.49,0.42
2.74,3.97,0.65
3.87,2.41,3.09
2.04,2.21,0.38
4.74,1.33,2.93
3.31,0.93,3.95
4.51,1.54,4.65
0.29,1.95,4.75
3.18,1.21,0.29
1.27,0.71,1.4
2.69,4.3,4.04
4.79,4.06,0.92
3.16,2.64,3.9
3.31,0.38,1.79
0.09,4.68,4.03
4.85,2.56,4.1
1.05,0.87,1.34
1.87,0.93,3.1
1.27,1.33,2.49
3.57,4.06,1.28
0.66,0.22,2.48
4.37,2.98,2.91
1.47,0.14,3.74
1.71,4.82,0.98
2.8,2.63,4.12
3.86,1.94,0.92
1.34,3.76,1.38
4.11,0.54,0.48
3.04,4.06,4.66
3.47,2.69,2.78
0.05,3.64,2.09
1.97,4.15,0.74
0.98,1.5,2.2
1.01,4.35,2.44
0.21,0.22,2.29
4.76,0.26,1.54
0.36,0.76,0.66
4.48,3.95,2.02
1.29,1.53,0.87
1.91,3.18,1.05
2.01,1.24,4.64
3.36,4.23,0.57
3.22,4.64,3.5
3.61,2.45,3.03
3.22,0.43,3.09
1.86,4.44,0.74
0.57,4.41,1.35
3.28,2.74,3.11
3.08,4.23,0.89
1.73,2.68,4.66
0.64,3.66,2.43
1.27,3.41,3.41
0.42,1.85,2.3
4.71,3.85,0.74
3.41,1.11,1.2
3.7,2.92,3.72
4.87,0.4,2.83
3.19,0.13,3.52
